Feature_1,Feature_2,Feature_3,Feature_4,Target
0.7022506691234588,-0.546476921588158,-0.7102540696511517,-1.3416083148524096,4
0.45099448488268484,-1.8502747250718559,0.0845962309948002,-0.05851457607148092,2
-1.3016259511435395,-0.7717791832805754,1.0764103733035815,-0.38811134669004843,2
-0.37480354797872073,-0.4465474071086709,1.4710360789077601,0.2251942041000644,3
-0.3606819207196493,-1.1626474647375986,0.7641676337468468,-0.1761886386882746,2
0.7578575089371593,-0.8132915819552697,-1.1348881613839588,1.6998447012715423,4
1.926949701161478,0.272405887729472,-1.6446028502092402,0.012369386634751392,1
0.7399943734773063,0.8619153949530594,-0.7777445832884836,-0.4117844721635704,1
1.1801583838590068,0.8866673365240104,-1.825437990714155,1.0621799539071486,1
-1.0245195742503284,0.4647816591053998,0.08667521330185689,-0.4366128028685547,2
1.595897225361238,0.48058423893877095,-0.7198500542612661,1.2280182687015975,1
-0.9808533221991791,-0.6826524119890522,0.7805322796103722,2.255598659599108,3
-0.897244016900081,-0.38834193220698354,-0.6846951547963432,1.0925206698167098,4
0.9906014905595605,1.2378330587145145,0.6236878172018238,0.9615050338751421,1
-0.6719375537879035,-0.5809641630905186,-1.578630679965691,0.21250252094021108,4
-0.37363833115238154,-1.4944668072488199,-1.7993328917235991,0.8967565603159984,4
-0.4511070651503315,0.23423774712786646,0.4019832340302961,1.7976893632860542,3
0.5476925447685802,0.5859402441203513,-0.05196288485688414,-1.638191008042051,1
-0.4280272910550925,-0.01354556048042126,0.283261040567504,0.09452488460887251,3
0.2909075099720838,0.7741875465681799,0.1569633777195939,-1.1205141653280823,1
1.0501445933475582,-0.757175200198241,-1.9863438986870214,0.1601702004306407,4
-0.5368195097590527,1.268233655981431,-1.7570158238774016,-1.103884100837787,4
0.10973166526213694,-0.8659451608219854,-0.5964909174215376,0.5030603030558776,4
1.7211097139918934,1.499494178421073,-0.4991406090030551,0.22365065661789416,1
1.9337450055225383,0.7162718935793203,0.826947330935673,-0.9476045238837889,1
-0.9401590332554388,0.8134174659247582,-0.4440047471794012,-0.9290131579241401,4
-0.17836170860511702,0.3078999434825235,-1.4856846909228076,0.01835037388005222,4
1.1919291358010682,0.2080884145883617,-0.3862161074630507,0.831137052119768,1
0.020030828849547367,0.8216797600141046,1.255301245344205,0.8049064726772118,1
0.8352618709138683,-0.73118433944591,1.2027551785679091,-0.21212190245403623,2
1.2475011729327508,-0.3684960272110324,1.294226459599195,-0.9521758702687818,2
0.29499283474611226,-1.1019387290573572,0.6727198463007379,-0.6411430118277561,2
-0.4969766922715474,0.7749359226760325,0.3891407947413783,0.8276696215614607,3
-0.7059486172743532,0.8013267543101401,1.0936568622333784,1.1672170192761737,3
0.41839562992770135,-0.5032215131423566,2.0808820249203284,-1.046360522584972,2
0.3491540346691887,0.9123786889715938,1.0577323945544594,0.9295630491615501,1
0.14832956041282194,-0.6837922621038519,-1.0461021783771878,1.2032377448327705,4
0.7211726820060135,0.5504375977473364,-0.30163224579765324,0.5150767416954033,1
-1.1038587438695322,-1.378128395165832,-0.6418355322783225,-2.001240536125976,4
0.8420016025582612,0.10106401215213599,0.8561188091626221,1.730898952025909,1
0.6380187075873919,-0.20275103300932995,-0.4955449153163849,0.03251862852007441,4
-2.092122851403573,1.4177256821676552,0.008728212286307237,0.7133838071985497,4
-1.496238289689936,0.5159298135200644,0.7084653052942808,-0.5775821487948164,2
1.7997691279247963,-0.4809367451689508,-0.562699017505036,-0.5017031547041556,4
0.9299996833820526,0.15637091184158705,-0.13410154021087758,0.13208451143707697,1
0.8771701241713623,0.10169389253157142,1.805839580144993,-0.06402082599406506,1
-2.2049111299570465,-0.1161008061656592,-1.1825289161974963,-0.871629606110616,4
1.8341355865210074,-1.3015976933160758,-0.3047360399500613,1.3835829147431304,4
0.5205006502699986,1.0160689313687041,0.22713551136001306,-0.6971453072576747,1
-1.3196832600928443,-1.7708606484666585,0.8472100073182388,-0.47951778073661383,2
-0.679773851898074,-0.38653216888530045,-1.6025521735409862,0.37560887377108554,4
1.1562923327348733,1.2051254819871673,-0.3968702561601969,-1.753566991658056,1
-2.207710638521681,0.3475165508228404,-1.2140828015382685,-0.25573478983803927,4
-1.361905849345708,0.26292194374809963,1.0170049057253576,-1.0405228721094246,2
-0.07974486611543569,-0.6914511327922778,-1.577443756511911,-0.551597506165874,4
0.783365394480428,-1.9425535759090968,0.09898686810760877,1.3215994275036793,4
-0.7164560785772561,0.87044348256889,-2.8935877528530587,0.9978199307130892,4
0.10741125217484324,1.3792066542254198,-0.863545866967198,0.3217806584042275,1
-1.2559728960880965,0.08598542921301656,-0.5190896501899256,0.6547972583173968,4
-0.9458170011105126,1.2733461867982367,0.38897624411210335,0.012438636403381751,2
-0.21884017490335453,-0.9557524708002069,-1.7286462128888598,0.9132729262984636,4
0.45359326738971445,-0.1502395064350517,0.4223910159145178,0.28029329105567835,4
-0.9803718381418108,0.7021130565751228,-0.15784661118146656,-1.6158613897939067,4
0.8940488758302755,0.023672424353860622,-0.3504038662163122,0.6742098792166569,1
1.3854908315371683,1.3258901116273374,-1.1056303257374,-2.9554042794134863,1
-0.16797691397650172,0.28863808128863094,0.7237097839547989,-1.3347602252084019,2
-0.09619949273346161,-2.269128879807222,-2.0207230628625807,-2.6035062237610247,4
0.08246994718220119,1.8585213024672493,0.3329313195423982,-0.9086082179579246,1
0.690297500359962,-1.4069773362649967,-0.9694378918737016,0.24533499352626195,4
-0.6699103387668564,1.8233615330368573,0.9889579656663879,0.5681340650831315,3
0.8222087222623857,-0.00985564148838583,0.14579499056602924,0.7131903292896864,4
-1.5499706427511797,0.22613177429419143,-0.9923310029486717,0.4713226521341836,4
0.8477925429765946,-1.6382157881350723,1.1104048726280373,0.2945581643043869,4
-0.6577967456985029,1.1098562261193563,0.43451908393880384,0.48771075226190574,3
1.6286715427114422,-1.5545852785381107,-0.5308121183961984,-0.12298063761732046,4
-0.8367158044856189,2.1083855464471974,-0.052049450902751655,0.6197577383199739,4
1.049883000654447,0.1623072513734457,-1.1747481768745018,0.15753553137906526,1
0.6579906226778304,0.3243627599216867,-3.068558136332617,0.01048338734840113,1
-0.4818656897323152,-0.7589399623282125,2.1435726132816386,0.3625958337428502,3
0.5648655924482758,-1.676143658117056,-1.4664635058825561,2.682098960385497,4
-0.04951373286946815,0.12746556690309374,2.5994429767621696,0.24780864750780582,3
-0.09953657650508417,0.4167398715459942,1.0474538473161275,0.6733073821086177,3
0.3076021667261606,-0.873893443893656,-1.1237792191628189,-1.7336438827053686,4
-1.2913701234760002,0.6789953484155691,0.6334746995861014,-0.1522169354527135,2
-0.5949260201258774,-0.33094815848784004,1.3417598275650904,1.3185367450574705,3
1.0319095719784837,-1.1860653744691891,-0.8408604096433325,-0.6745828368328038,4
1.71555893226798,-0.18443748793119494,0.5599062404819897,-0.6064602754860019,2
-0.8474943748655486,-0.6037696141310431,-0.31943551048509833,-0.32058643124788333,4
0.8810230590512179,0.47351183926397183,0.8204616603530596,0.8854776202725093,1
-0.6875880590415249,-0.031294123804132754,-0.42708391615505714,0.9403042552987666,4
0.9941043994658577,-0.5362481780357331,-0.1347244795853157,-0.3501455891649721,4
1.0169794504210115,0.4797499667213698,0.1261909880512271,0.9555491039789399,1
1.057554836437739,-0.7076232710090209,0.02053821086767539,-0.8471131966703239,4
-0.22702898139123673,0.8589667601851612,-0.35936235175269426,0.6456007713312497,4
-0.24577096376167146,-1.1155185011244038,-0.3770793772276941,-0.4507696323205627,4
1.0224753220771445,0.6931696836326458,-0.06685166123972978,-0.5507712125514792,1
-0.059079150222712845,-0.30755315043937537,-0.4907346943315879,0.41435307247475195,4
0.5579567844585829,-0.10022808644637694,0.03810680125435755,0.3351014486044984,4
-0.887491568698762,-0.7899058234012062,1.5037335119080149,0.8344559389531663,3
0.3349869170457023,0.6550026335311748,1.5494301420375507,0.49777714364670994,1
-1.2559184902450562,0.08192216996689117,-0.250774261536218,-0.053480066257430355,4
-0.6102497785277425,-0.015262976593380622,0.6831257332681251,-0.990045387676914,2
-0.4945480547298176,0.37754668627623084,1.7753944056769175,0.23127230319622943,3
0.8300269602537955,-1.4074359490081172,-0.12037925970945532,-0.11701653633914497,4
-0.24211923995931156,-1.4102093409641843,-1.1544655357154043,1.161280829836317,4
0.7024626497582032,-0.7650403693560204,0.7044697349649248,-0.6796349856230868,2
0.055272323196432716,-1.8818674321672577,1.4683334968935846,1.9329476898759497,4
1.1665738822395726,1.3292118976994767,1.7654208764212884,-2.014825086830157,1
-2.0085517911940256,1.8132316895355003,-1.5640646133552294,1.207703532039603,4
0.41885015707537515,1.5226929860261362,-0.09752812392826841,-1.2012847196307106,1
1.4565690141002978,-0.3786422893648653,0.7672841745532843,0.12468544363991764,4
-0.10067853982894928,-1.6539983340332742,0.6641826857347354,1.476434184823604,3
-0.4984813315902394,-0.5307841420468843,-0.6068780589182114,-0.12415898496553171,4
-0.6968912116823833,-0.8517297265246846,0.16124519499947546,-0.2666359836755445,2
-2.149257763241472,-1.1003296579832202,-1.0569020348581608,1.5650304735167166,4
1.517404139692227,1.0091580002544505,-0.875426559413824,0.25549359048076026,1
0.15264497133241622,-1.4141626715350801,1.145869437042806,0.9038818698875539,4
0.8475597385937064,0.16689301228923545,-0.8589467833602702,-2.325429814283998,1
0.16674381552952955,-1.4292196700932789,-0.5560998111970523,1.8767877111474809,4
-0.5445296914960012,-0.3422825756464143,0.24013211698753542,0.23913085987117133,3
0.2452343432662252,1.5345663394858997,-0.1260782027377189,0.08775334170772683,1
0.36272677806720033,-0.22546409347534196,-1.296702654092351,0.4308335118842918,4
0.9140408355142853,0.18072426526887533,0.3685948599132075,0.7620394033169484,1
-0.7723792293595234,0.32727642317809763,-0.17958016340836663,1.337935456409063,4
-0.7906752351177883,-1.3107033838263291,0.15185453692645978,0.3059797817736035,3
-0.2652598406530766,0.9587051879552129,-0.6592319269682312,-0.02353712516845088,4
-2.211256443909242,-0.2441400664139626,-0.2677674031891875,0.8154581496076321,4
0.6906342306752644,-2.017760162739905,-0.5692500188264547,-1.118624596740748,4
0.6843673199685981,0.9480199890317943,-0.49757594269699496,-0.7996313864036361,1
-0.4029430333547666,1.1767618560725763,-2.1098576283752615,0.7678952154433609,4
-1.185235260978521,-0.32554392981419183,-0.5984247483073742,0.22561069584564133,4
-0.6337349258205889,-0.2719384484461926,-0.7509555181058749,-0.6451831678333992,4
1.5289667820006734,0.7098675165900098,-0.8647533004815763,-1.2871196760694192,1
-0.47688888806181684,-0.8767273978560524,0.9625531088051139,0.4563442156564746,3
0.02524722238802186,0.5250154598796304,0.19125717243653775,0.11508385762391896,1
-0.5417705817024197,0.10836991763652633,0.6149297505366808,0.6344840873248058,3
0.36804612625097693,0.8593715173670691,-0.805696838765358,-1.1578787809837958,1
0.08560731057573315,1.9062938503528497,0.6339577433155632,0.9841184505378676,1
0.6774450761153102,0.9516565952423024,-0.6087764354325869,-1.5157539475934425,1
-0.40551531789252193,0.20455054195187022,0.0984633752473242,-0.6659342623621102,2
-0.40905599621526223,1.688435927399853,0.3600560369300309,1.0393804226544483,3
0.6068354403261526,1.3268404202486213,0.2287348448949758,0.41948012526681927,1
-0.6335603063524762,-0.22242815588165385,0.21588835562939773,-0.299460295256226,2
1.9808033377247078,-0.4669219407384061,-2.7494970502195293,-0.9126385221596609,4
-2.476143986253974,0.505561816388812,-0.6956502214204254,-1.0423385138725774,4
-0.934694686264856,-0.4565818732637038,1.0344357897989045,1.157125750254383,3
1.1149847012595648,1.3861972535486635,0.2704031212487571,0.8608822029512704,1
0.09259560888748149,0.5648579369221564,1.0720874685144006,1.0243304437512735,1
-0.4575143890713629,0.9264625922268275,-0.5406289197793802,-0.7562128802059278,4
1.1508457089923358,1.1150175775804547,-0.04797333596215974,-1.5158203688906005,1
1.2945848700605853,0.24439130869294276,-0.6506712248967018,0.4894973759374333,1
-0.5446773152070338,-1.8302340283433565,-1.170887162053893,0.8803117947402773,4
-0.7872544300757282,-0.42992340079949193,-0.655493078183575,-2.6954998438116595,4
-0.33981342042644597,0.8158533287610169,1.1697063820515095,0.24842770366707448,3
-1.0392521450021035,0.04680036971217872,0.4307747796204896,0.8304554249622887,3
0.3734850565128988,1.1335940535505737,1.235043667689944,0.7343180655017056,1
1.7590091220883874,0.2598325151000318,0.15044536717971838,1.3230532840364795,1
-1.4166667881681596,0.4731716713300284,0.093699633673056,-0.11766353148799456,2
1.3491544141368408,-0.6455896496254125,-0.5562969275100831,-0.9504021309627133,4
0.5991758528959242,0.5980200600235362,-0.6915471057404634,1.0022068157152872,1
-0.10095271885813772,0.23795816080601312,-0.6946729338490965,-0.1428992402251259,4
-0.9482546675783029,-1.31824920674284,-1.4563684882541448,1.826574089676503,4
0.11442658989931906,-0.9828164532075759,0.04441866477149988,-0.04785834696858414,2
-0.9544765642352775,-0.6627709992999041,0.9293662159738941,-1.1231026325914257,2
0.5207146689474962,-0.37368914661554076,0.6340251163155818,0.22145367864802923,4
-0.8662516874143091,0.7146616686666527,0.161815424722562,1.8026416092058437,3
-1.5161891036213562,-0.2019203064424859,-0.5561828744203415,1.358509259133952,4
-0.7451161783480623,-0.49622100426111976,0.3260083273829146,-0.6942145248648715,2
-0.8628276579193201,0.34834998645523574,0.9386572454603239,-0.627766533666584,2
-0.28013467940277914,1.8057286223068238,-0.6593433169338826,1.8963249237982656,4
-0.3894585823085477,-1.2023664806121306,-0.6772628340583838,0.24773605847254815,4
-0.29199350197220675,1.0672881207435183,0.3962725361873346,-0.22692150831135138,2
2.7771749139270474,-1.4457291407702464,0.6500552440032263,-1.553826908598788,2
-0.1884098258492286,-0.06790950255489671,-1.1002575795391036,0.26459632511247394,4
1.5678049629316746,0.31955548894896724,0.03171704650191108,-0.9375392654113339,1
-0.22456460223755825,0.29383721797950824,-0.1427232378313631,0.23315288762244066,4
-0.09368834174422261,0.46444870608174343,0.1687414005034165,-0.30541866988246325,2
-0.7869358323360414,1.1243329935885553,1.1526213018050115,1.9543264051670386,3
0.12703017523145996,-0.8939867530390759,0.2609943679912646,0.9208867483027803,4
1.176757863780505,0.005350106933578476,-1.5665790223822633,1.4211592297425422,4
-0.5334959590757671,-0.8542843681719444,0.7989654647488545,-0.21373424123067322,2
0.9173098383230861,0.3886343979204253,-0.21132202472701006,0.26347654395636344,1
-1.2021242631391356,0.9741137435900223,-0.5649299084330788,-1.1683110841427071,4
-0.3911628107757676,0.3828435494891775,1.352971349346976,-0.8015112071148142,2
-0.6306175472880763,0.3646412620902542,0.23966023311656937,-0.6269659003967879,2
-0.48396868255243075,-0.21316762202191808,0.2510495720720848,-0.4508450163691206,2
0.7686475585141336,-0.46440949650393376,0.8672652623211199,0.11566556190850578,4
1.6887574115657231,-0.5476235782302479,-1.5744163268415834,-0.10916672167118073,4
1.013381174250846,0.7037368315514004,0.13648073505202007,1.2182929279982173,1
-1.6233422496635557,0.005376712018780329,0.7816553184127979,-0.5979647070186753,2
-1.2246714112847685,-1.6583242177995825,-0.494459171432123,-2.82754366080587,4
0.46650820231787266,0.4583720470935733,0.8634746065547761,0.0950118553518425,1
-0.9916703753970011,-0.5352112798172524,0.6266471949198139,1.2870205067679228,3
-0.7597797210890389,0.14962613719102758,-0.7584217183208795,1.3076632881628274,4
2.139007465528641,-1.4062444364706137,-0.5836166166240656,0.3074001447501803,4
0.46849029803343567,-0.6006948149260958,-0.2034800531132459,-1.280475980029107,4
-0.23956538681440162,-1.1995511043621223,-0.2933647517767806,0.20749074115660748,4
0.37230398115652813,-1.2178900311704424,0.3937945272947572,0.25004348907826934,4
-1.2737404200068887,-0.7489939403229843,-0.4886221457996367,0.3577983806319983,4
0.23480176257236235,0.6727002330064888,0.15059501841800418,-0.7783404903945266,1
0.4032430040417929,0.9010648671740956,0.2234597694403991,-0.7263996554360735,1
-1.9280494211250259,-1.2545795424620643,0.9845103657566979,0.09110408730611488,3
1.6699211981006123,0.7303292406677864,-2.7950720210061673,0.41397383875597527,1
-0.028496975980677738,-0.45072034789526877,-1.5042136746404733,-1.7405593185459822,4
0.5800045856662337,0.5618301966215601,0.4117659710702146,0.11163924919541736,1
-0.240081830430981,-0.25496358490052157,0.43870916083880485,0.55901273471101,3
-0.10586359227228294,-0.37331772111817,1.0493212154449245,0.9263679606572859,3
1.1622159070890778,1.3771008325705802,-0.8015246591719043,1.5142771528611605,1
0.03675040519879357,-0.09905650216879407,0.9947276891194606,0.22681976663416997,4
0.319498654249823,-1.5870103944647669,-0.3027191074546299,0.2745186938430172,4
0.20051551856551167,-0.14362516175437884,0.503349963965378,-0.2991988462035309,2
-1.093856889525211,-0.8118754861086118,-1.4715849824985459,0.06431754478641286,4
-1.4067623181718905,0.4960431961909886,-0.932645901673447,-1.5820163784791967,4
0.03809366120811382,-0.07313146850383594,-0.8771043981659256,0.3492822008554231,4
-1.7749336252588819,2.420773675614941,-2.7711307524613287,-0.3156498332780277,4
0.7918618703198015,1.095038099615622,-1.1599165574627321,0.6274172727348689,1
0.1957883812656864,1.3781605070986844,0.6148560161597556,0.09358345950968315,1
0.8555406299881478,1.0676905203070013,-0.29894301275796376,0.6702116415369112,1
1.5670739949532357,-0.12583301873730326,0.6709090276357228,1.7880188510021557,4
-1.0398726346526086,-2.140941814777827,-0.7345844925186287,-0.5750067785133969,4
-0.49982810785511655,-2.457583501720309,-0.6936465484562286,0.917063575496547,4
1.1472664329089413,0.5989091782044589,-0.5867981922252684,-0.14298879486526142,1
0.04831254853694422,0.8087798795955461,1.9010161499704792,0.3814011645749334,1
2.0149342727910127,-0.5260525065771371,0.41102506176552994,0.03617489099691669,4
0.9272796728949997,-0.15072254770586602,1.118458379814452,-0.4691672646647897,2
0.11279317906492117,-1.3798991543335375,0.6173408969204001,-0.2241128983220994,2
-0.47385651086927144,-2.1548302573657954,1.2445757799053518,0.8066915655299082,3
-0.3200380551973644,0.06304940735565416,-1.0440903045369427,-1.1436483124284667,4
-1.0126747381441583,0.059377809618935025,1.0606322793220981,0.07090995936049763,3
-0.5394575804698118,1.6743949903122581,-1.0480805804380569,1.5025986316964173,4
0.8008825811917635,-0.6423521927860688,-0.436098576066854,-0.344329726087786,4
0.001400806895299,-0.44106344506433715,1.5800140295593976,-0.24164753658152952,2
0.3603530993735937,-0.4326573483136908,0.2970362270343947,1.062451734575741,4
1.2492130177500407,0.07121569141452326,1.0836935146766702,0.004583087355987484,1
-1.6349603051394774,0.0712556947344536,0.890747146345878,-0.9367664051093978,2
-0.09177885575623745,-1.3844008425286614,0.8692009656973521,1.510497584669804,3
1.364949883631156,1.3612851929700962,-0.29747590306202887,0.37296344806697096,1
0.4163552616186635,0.38992282582960525,0.43517007457326984,-0.21467450158706478,1
-0.33563559421379263,-0.5036767107465947,-0.9689733748112495,0.7773885432302012,4
0.5786325252468891,1.1068296686406012,0.6819363617381935,1.3658019059309199,1
-1.7395619893077743,-1.2527207724700662,-1.348713272447664,1.2258613487467085,4
-1.2281110111879283,-0.28058976897656535,-0.7489537097330127,-1.256496389261794,4
1.681242371718804,0.46090836827713205,0.29286606160469414,-1.5909500236516403,1
1.3424185676126588,-1.516415028157831,-1.122247460759962,-0.2479233657041318,4
0.261884904056493,2.6357109567128925,0.3612304496618834,-0.2702656472593896,1
1.0296486946744983,-1.5863587966648496,-0.6609165806035399,-1.5501516620408862,4
0.13256322722539607,0.11838462068791906,0.28084520849235933,1.300949967233503,1
1.8978255585100536,0.45950015071031886,-0.8868318468034511,-0.20800001602073306,1
0.11830876963801286,0.8035857156563483,0.5505624789607396,1.5209480324884899,1
0.946540705929313,-1.616612035504294,-0.14743145540970565,0.23879508630722182,4
-0.36693801024016187,-1.580667627372015,0.0036946761982060523,0.21274392380249144,4
1.4249017898449776,-0.4834383492675545,-0.872346498901929,0.48649838843881177,4
-1.5630026833790125,-0.34364461794238926,0.4403298818753108,-0.7833415303014992,2
0.37637091255555355,1.0873046236073816,-0.8714671362721254,-0.9467854153322616,1
0.9376968078399552,0.35194335144370836,0.26326061291374303,-0.678390065800441,1
-0.7881860662818819,-1.281336121687254,-0.8707726418644404,-1.3908908922181535,4
-0.5341029964795897,-0.43359113047614056,-0.18066070665750247,-0.9065390868410118,4
0.20177041971733992,-0.7699678113270672,-1.395079408462589,-2.3683309824484033,4
0.14385688648130246,-0.25187085272145693,0.02345312898667715,-0.2057615218362847,4
0.8760758148887874,0.9560764469765715,-0.2926937725774058,0.5425398755000069,1
0.37297907014063025,0.3810620193277588,-0.9591110709781441,-0.5148768550400281,1
-0.9083036078287509,-0.6355166728494106,-1.1336817800561974,0.8142496113748132,4
1.287270722163534,-1.626549362381955,0.09232962960709078,0.24162857520023812,4
0.6985548030658596,0.8499518612585937,1.0047975635479902,2.5758537791389733,1
-0.42116129336831837,-0.4651516219210996,1.1226651392550873,-0.5897162130080501,2
0.5796143256922306,-1.2302561373671625,2.211511434113258,1.0342873857842918,4
-0.6852069694435611,0.34074037796118806,0.17259297156348039,0.8653067987358165,3
-0.10635874815058112,-0.6109163292058182,-0.9409862292796934,-1.1650897611980267,4
-0.12598822155914907,-0.062245339350661746,0.7119599313934739,1.392228215216337,3
-0.8303991356139336,-1.0165773672072551,-0.4296634932274225,-0.25065222704826995,4
-1.4502701705093641,-1.919515145416312,0.8035067148556223,-0.3684052691158005,2
0.9852758578795122,-0.46441004620293935,1.178756237284911,-0.2063391217819645,2
0.49045503882726904,-0.9431602577396834,-0.19178818388541483,0.07315021725241844,4
-0.04752625981730234,-0.7660200578319356,-0.44420309516401646,-1.1572845429525707,4
-0.21151690228519185,-1.5309689488965406,-0.2392818252718335,-0.7227316684727245,4
0.3005768993439452,0.9480771601859004,-1.22604174487576,0.3192858117718973,1
1.0446664407923902,-0.21916390105109823,0.18848076605340935,-0.5938443673085463,2
1.4009465742575753,-0.8504233790925453,-0.03432176215825672,0.9035819827403261,4
-0.5226209349959339,-1.7701816208379417,-0.5230884908904659,1.0009407895325242,4
-0.7719453313123898,-0.8701496568473619,-0.43136750265030155,-0.08679542776593649,4
1.7289248732677418,-0.10529908533506079,-0.6306040155670503,0.810986653345,4
-0.7643826947310358,-0.7403868488150671,0.9054076748812807,0.8428216032926071,3
-0.09330721149100041,-0.7895082612594856,0.7048162600791935,-0.9445254938979267,2
1.3895538360783108,-0.8381433018272834,-0.10627553227603231,-1.7150354516482569,4
1.3886689731102795,-0.8246521815413443,0.3888869967924834,1.8046712028559218,4
-0.18909474895839437,-0.7958757319473119,-1.057636061238992,1.249787569725507,4
-0.2954128055389407,0.1952503788545484,-0.12767597529234792,-1.471211675475039,4
-0.2798413472134016,-0.052268057663674,-0.11689626124548928,-0.178514387759571,4
1.2798931610754385,-1.2359243339125865,0.17309816518378202,0.07675129818782606,4
1.3311564967449083,0.07881133097419724,-2.1682622273596825,-0.07089160326772304,1
0.4585932930618954,-1.3853525868728687,0.12600224444953603,1.3513963101962738,4
0.05361273785136656,0.5625121816076301,0.22543377844881005,1.2549251444069256,1
0.31034479027198497,0.21062951721165146,0.01964783730972263,-0.5831355317889663,1
-1.897576300152716,-2.063301733941641,-0.0817623528746323,-1.0363324536553342,4
-0.4213250555957356,-0.07922666322073392,1.342872209831958,0.12448491722716325,3
0.7570965348481741,-1.215410201069194,0.06733493213946443,-0.7588985358480984,2
0.5035045842903725,0.6205803240650921,1.4009952440814908,0.030177387942710392,1
-1.0575783277196082,-0.4543320393219409,1.202865011153019,-0.5616771289430594,2
-0.2042259842713062,-0.009972540556084666,1.0809104578745516,1.4760024342015972,3
0.6049366865231173,-0.045032179997339786,0.708455838241126,1.2800324604147317,4
-1.035098445063917,1.2554035049782015,-0.18741402976224505,0.2702227237589158,4
-0.5732354899871647,-0.578541805853553,0.11053914931485812,-0.3573351872972779,2
-2.032907169236796,0.6351992230699476,-0.4559808322016697,-0.16385724929057968,4
-0.06550557392109917,0.5197321922370317,2.410416713762724,-1.140186840455211,2
-1.8063158276833489,-1.1692727160668057,-0.9432489884460601,-1.8012510513206481,4
0.2113683287262754,-0.541329235740894,-0.23470235020530406,-0.5140128465931437,4
0.13257290940979638,-0.37614257779516624,0.9733974215000069,-0.6912527462510875,2
-0.627714350399602,0.4358551476622981,0.4946775847745725,-0.7443008758092711,2
-0.28818281355380165,-0.5297720617241266,0.4242941759038452,-0.4336174206486924,2
0.22012568385522552,1.049320885195771,0.2511856957837388,1.6530651386112654,1
1.5408965316581908,0.21406182880028782,0.22654695264593094,-0.0408290261035638,1
-1.3846519850935017,0.11557262855784159,-2.3884974193030555,-1.31914526784599,4
-0.6416690088381669,0.4607853145335098,-0.3452022323052741,0.4605902785856356,4
-0.42703912239218567,-0.013927602473148821,-1.6442427371940742,-0.11094932559375044,4
-0.4346223302642724,0.0004912943493557447,-0.8330814572007315,1.088648828266328,4
0.08361863438788482,1.4823367347908711,0.08814663188550266,-0.1591466421914652,1
0.522096580130242,-0.6092490689336558,-0.5058192603938013,-1.4254616905839597,4
0.6085842825650519,-0.21060247480480923,0.7669716580334693,-0.65968040529915,2
0.7388872157221953,-0.07861333407931236,1.2458227937274775,0.5968263269151133,4
-1.1838744583014156,0.32273358975387206,-0.2652172563517162,0.37197666522517514,4
-0.6503209942364284,-0.8196727335351377,0.050427336564263965,-0.5688347683171012,2
-0.2818139238800157,2.605500183596579,-0.11443693478991225,-0.03485626821903622,4
2.066149968927917,2.1721710200287556,-1.5664233383484856,1.0594680102816336,1
-1.2951292259713905,-0.05850103284224993,0.09040970866849088,0.5625562391850569,3
-0.8938213112159242,-1.4818968923378315,0.5863470436670405,-1.827548010048643,2
-0.34748317000496937,-1.0797875989872432,-0.9067076872997364,0.1700886556996098,4
-0.8813198779198379,-1.6511494760823444,0.9042748829842909,-1.6230459413486071,2
-1.07709305298231,-0.30184637426843003,0.4407877138748635,-0.4558952765055057,2
2.184934054765684,1.01910402476805,-1.550604035911745,0.47053367760745235,1
0.26621351519695136,-0.11411983205197769,1.4081451557375435,0.40212159364135214,4
0.4218803762882083,0.655726762259506,-0.05728832996546938,0.22480644019203838,1
-0.8313666115622359,-1.3899670590103619,0.22412480287333286,0.15503224291926268,3
1.1318746479075454,-0.5678374256874092,0.12711204100164375,0.3424226156564562,4
0.32576513204764335,0.6623216583545692,0.741915345681294,0.4112044387994303,1
1.2959357506878135,-0.1724329878464493,0.48045136299173796,2.0524372922480967,4
-0.01619655217665839,-0.3531764526957073,0.5495305353404208,1.5571130389014989,3
0.976680688101593,1.9399522566022098,0.759267891740086,0.7170043669085391,1
-1.9450550529992048,-1.122524509076372,1.8299249352853575,0.9064618115874846,3
-0.18967230543937302,-0.3698229617663894,-1.7912833394223098,1.2443244399058055,4
-1.9865513870346851,1.7279818588039777,-0.06631426038466648,1.0670582615373172,4
0.3455171235059623,0.27526125459390977,0.16107763811286518,-0.5201298849256887,1
-1.406599922819261,-1.5051796374086883,-0.5210247802712266,-0.7381382221433431,4
0.3887815113130655,0.00478020569261378,-0.6868721792436585,0.7538016900010118,4
0.8842497317628942,-1.6614547278804424,-0.5953512645652851,-0.46092885608996215,4
1.9690210293226849,0.8766885897754445,-1.4806447835428078,1.0007138573443355,1
0.0077317700783722096,-0.27595168763611516,1.4648102688096876,-1.1954099531284152,2
-1.2625799794798185,0.5484929633408355,0.2890073956745075,-1.3675307885662928,2
-0.8004046102023425,-0.8599714720398088,-0.06750003573023831,-0.5144213688762428,4
1.2941610633187703,-1.1385445902669014,0.6511292307847766,-1.384703475324765,2
-1.2921148222335421,1.4990902830404278,-0.8712067359418495,-0.16528534794199534,4
-0.40199907398377477,-1.1227208137446525,-1.570568839039918,1.303157336212884,4
-0.9662582613440728,-1.944745849018242,0.052665741552844265,-0.05600640955197434,2
-0.5041074250744966,-2.3710768995240366,-0.051630832649269875,-1.1099915728020824,4
-0.500339477270165,1.6551906755197856,0.3062897129336467,0.5873958131316696,3
1.1555503652058694,-0.5037684452107024,-0.7262838668976401,0.014784215806357626,4
1.4795144891136252,1.3887425642654814,0.1419399087338326,-0.9037274099133463,1
0.3708679402951042,2.1166210442098774,1.3303508846461176,1.2520331250534973,1
-1.889890228648964,-0.9248177668445596,1.2624258952715526,0.4714551659386629,3
-0.8396601362293624,0.3843102882567858,-0.278645290036586,-0.6518270303496149,4
-0.404410490918193,-0.6307261977507435,0.7216735328278898,-2.2614790844527697,2
-1.1350843532144814,0.052948239230751405,-0.799642293327849,1.1504831234241837,4
1.32306958397104,-1.3107071777484383,-0.012227793968911436,0.5076703296906837,4
0.3341166220410509,-0.7852487062449952,-0.4062708945100509,-2.204511443852159,4
-0.09555487471611833,0.8414652252224468,-0.25750264115862215,1.6841747007257177,4
1.2683028272834524,0.8164448707339439,0.4403132159893412,-2.6201180948439964,1
0.8264449819897174,-0.43280521071606454,0.7744707006657052,2.6821269861852617,4
0.3563714934979619,-0.7173194869661498,0.5901528581544673,-0.8671595704368906,2
1.865128684475416,-0.03688259309936453,1.2736917630564164,1.2187629505800153,4
1.290114314555369,0.290799690694562,0.9646992991167459,-0.04239818905112161,1
-1.6857086233362901,1.6467522189439188,-1.6356651711054324,0.9264588099772417,4
0.6702128638418954,-0.3026143289137897,0.36109192347499824,0.9201750900562604,4
-0.3980549214276397,-0.09278939335338818,-0.522812245448021,-0.2276032726678309,4
-1.059441569572534,0.5635769245012856,0.27298070261390905,0.01587267118663899,2
-1.4545789923023649,-0.7415916389690348,0.19590762567193434,1.0929100419228144,3
1.0627943644304452,0.5570944256511882,-0.9673427271001498,1.2386342463479214,1
1.1436374492374926,0.3610962448944076,-1.1124182850904147,1.1425155896528796,1
-0.7926519047169593,0.2558144768124415,0.39167484089431437,-0.462822044311367,2
-0.3552429487588061,0.7268302385720187,1.4285945499713015,-1.074571679451113,2
0.8979695776887603,0.8605833928106431,1.7475702463426814,-3.0566867616229185,1
-1.0573392502767964,-0.6593767120536677,-1.2958210808501487,-0.5149247633913854,4
0.11975585822869783,0.3785373920476381,0.5311464155837441,0.8503415190656243,1
-0.004442712368677934,-1.4973759768078385,0.5365343454969155,0.41089153936239414,3
0.5980736659886658,1.1638707591291437,1.2304898500201888,0.9709206368511302,1
-2.7848735180728346,-0.5328464902203016,-0.6616041287662617,-0.24720281123006718,4
0.17410883142651912,-1.5790243242669397,2.382135774147429,0.11283664123416967,4
-0.011833811834158953,-1.7598955039956596,-0.5191131533942418,0.4907817245395271,4
-1.1016720340063346,-0.9900218961748748,0.7359684144795918,-1.0061002016937757,2
0.44744470674175246,-0.7553661801373488,-2.1389716967082273,-0.7011193366794753,4
-0.1611916514786708,-1.0121834255534516,1.0901906964694918,-1.2274539943177796,2
0.26081627241516536,-0.306636980522738,1.3039401406968427,0.9250920402762944,4
-0.022431712032439568,0.40882329086260966,-0.10910622028582047,-0.5865752496851412,4
-0.4117172850743281,0.38693490336573905,0.10787703694490776,1.8106397065356967,3
0.3827030647264488,0.5581386233232963,1.0447357988986068,-0.9841886104951254,1
-1.6588172458719947,-1.3639082923709205,-1.194862303421857,-2.0675695965258227,4
-0.027651900045819397,-0.4836270304730036,-0.08410987442126547,0.6391328252576937,4
-0.39448942519094965,-1.5099274530114313,-0.6687876782092573,0.15311673769402898,4
0.8772964045898396,-1.7250317458968174,0.2964449821954703,0.7865783740029029,4
0.7058558279890131,0.8068987738584922,2.5962298610445504,1.8067503163468184,1
-0.769367487381419,-0.11082948542084985,0.5858381657353305,-1.5253067461602925,2
-1.6774865397508432,0.2951387247138003,-0.8673107570497907,-0.13031518534445263,4
-0.5485592505395206,-0.23902723096995637,-0.7190578767722285,-1.6036185389422162,4
-1.4647659471313481,0.1156444415178324,0.24872771496026552,-1.14368813001594,2
-0.3649710227229912,0.6074313282861872,-1.1979863427448305,-0.49678827708071027,4
0.14079230176064914,0.45582737358290853,3.0804772632786386,-1.452458393471745,1
0.3323507834213662,-3.0554138718940576,1.4758288215746875,-0.11338123901313195,2
0.5751327067116224,0.6992902969452635,-1.1991708432465336,-0.31753673358572904,1
-0.2867724918615378,0.25771951486235145,-0.44123243715747085,0.05051028346754073,4
-0.5091405178522552,-0.10118098085425606,0.2821192932926776,0.7753513359701454,3
0.11316843102589702,0.5180547191291935,-1.1746907021158695,-1.133444114108968,1
-1.3286486070919332,1.655217608074807,0.07649910038208674,-0.5582598551847545,2
0.18803784639485316,-0.12094428364323215,-0.48907423329685606,1.4596033080320057,4
0.724790081314669,1.116896574480542,1.7695944371011803,-0.6272375899570336,1
0.8906572576086204,0.3983977800620745,-1.110070357643155,-1.9927403003059196,1
-1.4525429421805605,0.4333619374599824,0.022707971566234997,-0.3594372391068862,4
-0.3535932189129553,-0.01187792694470957,0.9176330028586858,0.06750289414441556,3
-0.30626630386818565,2.223354964690886,0.44877100521552615,-0.966832724942629,2
-1.0457418631693232,0.379938733069504,1.301945944771156,-0.020985680504210482,2
-0.7273561852627511,-2.3711939059828566,0.6455827450609447,0.022226277946571112,3
-1.004659831301465,-0.08405214227242146,1.2522552360630301,-0.6609793722978881,2
0.9155481186211902,0.6646635088987705,-0.615740857988879,0.6291879170352402,1
1.1722372185888774,-0.5420282639383768,1.153238720628392,-0.9810623850092062,2
-0.32965119794647174,-0.7223367995515101,0.04490847206421451,-0.5282138000291214,2
-0.3821734463127814,0.20486513460278752,0.6658811188809381,0.03844173268129765,3
-1.7259457776237959,1.3940687893949597,0.3005508819681553,-1.1120682825288828,2
1.2107191789571554,1.295275137604981,1.0439437255367388,-2.3120304734340684,1
0.5045658921043281,-0.5404378906593132,-2.0266685285395956,0.4874889054339689,4
-2.128467074051798,1.4878151591393354,0.04439364823027518,1.9133974464695511,3
2.280889239696884,0.0741484409385206,0.39000138007882496,0.8644127524292544,1
-0.07475448303110635,0.39880449094555104,0.862660897121266,0.4974244152306204,3
-1.3902011353740016,1.6296954526328926,0.3138353923106377,-0.862017057863456,2
1.038555513274689,0.6931224608402271,-0.548305028300459,0.17898729358785911,1
-0.6453403587383281,-1.2992066737572971,-1.4177166260516079,0.34770716604326524,4
-0.29188123137872896,-0.824558350747326,-0.4669378962712607,-1.2795842470412688,4
-2.2605198405943043,0.10784921105699886,-1.6591619689252428,-0.999551363394047,4
0.782509618325707,-0.936141300487024,0.4209012036347694,-0.28150017535993477,2
-0.21119945327615544,-0.6595127378915573,-1.5143372644139725,-2.5130794715002747,4
0.1938290489027509,-1.104278444373155,0.8604906687375985,0.5680400537244761,4
-1.291207062615883,0.49435853482974884,-1.1830459733299603,-0.8166003214583819,4
0.021937079748493998,-0.4839998052140891,0.656449387245458,0.3097918883338192,4
-0.6841373542500999,0.13729823774294309,0.03022944142637643,-0.6576666806597382,4
1.4401861918604566,0.13295213216629131,-0.23171329508888458,-0.5149194529355141,1
1.121933342684855,0.5440095503878681,1.7098525313064015,-0.6831732429530293,1
-1.148690080225517,0.016972423821912577,-0.017331330613794535,-1.3582383042949302,4
-1.03752218913455,-0.9919206222854658,-0.4705197539252875,-0.5709679366288954,4
0.0836749543175365,-1.4058530599850227,-0.5802292257454665,-0.3702112766431888,4
0.6829592785400964,0.36495878221783074,-0.5662892858456792,0.33263713421519253,1
0.07998354529586367,0.9298869736758446,0.018318950698336948,0.9939327935053933,1
0.507129119292222,0.2970910343917515,0.5744140122183474,0.008459109088188956,1
0.22819308479296976,-0.5484621252000764,-0.3053008657786053,0.44666345357489323,4
-0.20210672862744666,0.1769498410378251,1.166952136332845,0.5528490282479014,3
-0.4451366043693638,1.2940013737428568,2.153543701764066,2.1539551371671974,3
0.6668375891988136,-0.6599806818023677,1.9145631503304632,0.45268486214024634,4
0.7801982246169773,-0.8348821273702337,-1.6364777151217882,0.41154379591451534,4
1.6320935656721545,-1.1324164478082643,-0.1364042470540353,0.4061594995835567,4
-1.74117967059915,-0.024399701755698274,0.13632064468586372,0.8786781895671779,3
0.6670057892344594,-0.4518049475930273,0.21275302461649706,1.6711872841305009,4
1.0988663851553064,-1.0711067245012786,0.5772782130007318,1.050431591739582,4
-0.09623966705245682,1.4890709046119708,0.31626236753261494,0.1724394808588359,3
-0.5878247930923504,0.0032985099592940516,0.4008747214052669,-0.5552427168132794,2
0.9377127614226083,-1.0679038124393472,-1.7849588484849903,0.8900428101578295,4
1.6433018969969893,0.5179522641538243,0.6177977460232142,-0.9606368982186123,1
0.07471597510157171,-0.4710845155435925,-0.8161060408499856,0.5139859679369575,4
1.247859584911579,0.2332342638939981,-0.5713007736778871,0.8547189666109449,1
0.18375229217154093,0.3633105260601389,1.388974322697442,-0.6914022386636134,1
0.2538356623977169,0.781110946136533,-0.1578353398344401,-0.07451986898267665,1
-0.393549999277618,0.7854209429107928,0.8333775719828552,-0.4330161126424943,2
-3.025207764072631,2.7795431955655148,0.00048274349437095503,-1.0899541285331735,4
-0.8710150563986838,-0.12869779650686708,-2.0670307259356813,-0.6892989238083727,4
0.6564387527826435,0.31549653885471596,0.6880828327466446,0.8653785213412711,1
0.20033617813398563,1.8046457802394305,0.0661938219282141,0.8449708109864541,1
0.6618299138138289,-0.42429946395155027,0.7282748735928145,-0.22833570091839414,2
0.28671320159949404,0.07393327150167579,-0.3805103302734564,0.49648409156169476,1
1.8404932930566067,0.1879391434230546,1.5408615542072823,-0.6854655326620867,1
-1.1325086154383017,0.6085235561894137,1.0363711918898424,0.09690692375010775,3
0.06492799073491949,1.3342591591061777,-1.1345608669514449,-1.20572105487024,1
-0.648940867630139,0.600396398311874,0.1802981684373217,-0.7071463856652047,2
-1.1441275412917842,2.1832267102547798,0.9926429990218026,-0.9653049234215201,2
-0.06833441671440982,1.074894906941118,2.075068436403033,0.3461520828502497,3
0.560703402285548,-0.8971677038301717,-0.6782561447880687,0.7736538555607327,4
0.07290299342729534,0.31316488891728744,0.14710683255430398,0.6683054751590467,1
-0.9476150872610387,-0.4684110416420024,-0.7748603822137262,-1.2076408024940108,4
-0.06514721618385907,0.29406004227804294,-0.8166606818710396,0.3091822924547603,4
-0.6021439159029536,-0.05569725640566103,-1.2045104498887975,1.6317136096119012,4
1.592343179963401,1.608801233401002,0.6575083996483103,0.055742337342775936,1
-0.1809914938623183,1.462500800597403,1.2853791635548226,1.2157202364761692,3
1.2559860866899786,-0.33739981778601447,-0.8673250206261116,-2.4652807165473654,4
0.6309183875077318,-0.01876268207255746,-1.1146649599625011,-0.7002440103888687,4
-1.775198568868791,-1.5041633369387577,-0.11928093130607145,2.601497123593453,4
-0.7129799377689388,-0.9297554391116273,2.2039977728270888,-1.5431257405756018,2
1.2319448739451346,-0.12582366239658477,-0.8131307036409046,-1.0786368974817422,4
1.0341102223656702,-0.15889692427398505,-0.8280991682117046,1.678454158184876,4
-0.3903472541529066,0.28751941926366964,0.321127103514347,-0.5732459871497774,2
-0.2909915818424467,-1.1353626816653042,-1.3001504342749253,0.2625417011143506,4
-1.9755310944702211,0.4675740682911845,-0.6326068682955133,0.15486480096493052,4
-0.8346448749184577,1.7187806355670703,-0.3895199435736835,-0.4830840682767703,4
-0.44660334308130095,1.150730294784686,0.77820615998258,-0.2077936184750011,2
0.17551578121904246,1.1310831367162637,-0.3905097270960795,-1.1185729039179477,1
0.38497963791530865,0.1367943426136129,-0.025515601980564587,1.7972042677165059,1
1.2918288595537246,-1.4100387915144879,1.4640268823230922,-0.9415092571513632,2
-0.16782052797806343,-0.4039088466941946,-1.645966365415082,0.36882732794830275,4
1.2276444162299687,-0.4360826970512983,0.46241627771375043,-1.2545848813845515,2
-1.2997911654310654,0.20842242759350213,0.9180198330814399,0.50965486190362,3
-1.039837702280588,0.7124550148459599,1.7258800105015668,1.348107832101805,3
0.8759726972484573,0.5622104370369229,1.9634573503865527,0.6866237878867948,1
1.6320064686587814,1.6619370010220558,-1.9569870683796229,0.07746326236949493,1
1.3068311384570173,-0.38528736317914825,0.6365569909794357,-2.0536895585345847,2
-0.8348553890364024,0.40679849575603677,-1.3192409930119566,-0.7189300168884066,4
1.0431770381659835,1.390929130979398,0.41788484209337196,0.9422822506528373,1
-0.9256465092528517,1.0525666909696003,0.09878166284495797,1.4317996886213404,3
1.5933398952715034,-0.3002495998951041,0.6233215666353253,0.05402874593203527,4
-0.7259352617969089,0.0866220433864157,3.235894571279088,1.3602965268224398,3
-1.143547109817458,0.8886104724805909,-0.24988391326303924,0.1369417158808952,4
-0.9094423337499298,-0.5219450007506149,-0.523992728210062,1.6402471041259485,4
-0.12172634354358858,1.198290249299836,-0.6973911641859573,-0.04656559281683233,4
0.8025088175295549,0.4772616157056897,1.2157270539707632,0.6905883596900224,1
-1.0570259484349986,-0.3853904836599727,0.7860479461848833,1.527262325267376,3
1.2666302399466893,0.756190470743452,0.5863504978328352,-0.542599881182033,1
2.537947886045713,0.08579747511026592,-0.6517479814078813,1.3743303222738374,1
1.0372066085190423,1.4211447804242583,1.9589008372202692,-1.5605765472063409,1
2.0620008089694335,-0.13317095135728818,-0.45128216124963766,-1.301577364120379,4
0.30840542412992505,-1.3073564328776712,1.170200892028218,0.3240512229560036,4
0.7315310897008793,0.003571571119906582,-0.1888337380818581,-0.4620569769936527,4
1.3763495503861232,-0.12903456152263554,-0.2732135029699525,0.4114978313993329,4
1.0602905928734776,0.7292641321011347,0.7479951800474871,-1.9813630742831705,1
-2.0358833276979427,-0.48737675863801716,-1.4881841806695748,-0.14798063512101886,4
1.4535675194594213,-1.6200966629883753,2.434847034417228,-1.3929977916339162,2
-0.6756053068443008,0.5247372714258913,-1.0422256266399017,-0.4869498395513624,4
-2.2452015871426796,0.4897143186596848,0.11783947490391564,1.3483164167849913,3
-1.0772370118567507,1.227312240708927,-0.9494997197464137,-0.38145933559467704,4
1.0378447900946912,0.24896655308646368,1.2834487093712832,-0.13359015026440965,1
0.4868360040751331,0.0988526675923666,2.5711209739183767,0.6595274466319463,1
-0.3229163262044199,2.179139068325715,0.6561681770239144,0.723572113883149,3
0.9649914611424077,0.2715727324467147,-0.5176971473754506,-0.5520473959152751,1
0.37530266385475325,0.02669250022544617,-1.094910517699923,-0.5943396578782204,1
-0.5592423549854872,-1.4910140850068094,0.8523412507263743,-0.06468200604552549,2
-2.0429538340242637,-0.006684318348350747,0.5784120430829347,-0.11666065585194899,2
0.4230610223240711,-0.01948126321443953,-1.7643440451202923,1.2692526495131893,4
0.074164647810445,-0.5187346415184965,-0.9128825354201221,-0.739641777789643,4
0.0014397779004736277,-0.040312412348710094,1.4019822464684688,0.2516627538881367,3
-0.30250955445618277,0.14756854150849757,1.6008430413585706,0.6477220631602308,3
0.01158225493834212,-1.046941651022533,0.7449953590067822,-0.07746094772597535,2
-0.31182917193040627,-0.8571549321465874,0.7136648371517116,-1.0400447014669087,2
-0.29233757641486013,-0.484205121296373,0.51127835701062,1.0540573336776797,3
1.0116042578262026,0.21100898964109666,-1.5267460221895903,2.005600184131155,1
0.7658822569430354,1.2037304259792552,-1.2263919175746556,-1.675393432111989,1
0.3604736600538052,-1.102637156796484,-0.18824254269924715,-0.7496295729156162,4
0.5972640732059171,2.124178373761309,0.07332489126170193,0.04235982047607458,1
0.7527327059110387,1.887179761315291,-0.1313682988306305,0.7146511298189282,1
0.07251016325169285,-0.1859013036478083,-1.1604048771233886,0.15981211363637923,4
1.0073038336117455,0.16656782501938416,1.4424521610688303,-0.2571975207749412,1
2.112997433019564,0.19527129998787346,-0.8022511231533965,-0.7595933519367247,1
-0.8654033343244527,-0.93964536925634,-2.8438539482699343,0.20907460080587162,4
-0.6352004774937624,-0.47373960012893135,0.1895484828325194,-1.4639090151190235,2
1.6032251574213179,1.1800542803859588,0.7310984787188746,1.6893519226956997,1
-2.7108171321015075,-1.00185407577366,-0.14822274141106348,1.199088077417844,4
-1.0507647889457201,1.3966912498237607,-1.62478401170489,1.7773527602887773,4
-1.7463721230999267,-0.07284199080711806,-0.21510328412226495,0.5242434994331635,4
-1.3504942889961318,0.48234187068883577,0.0437927992578385,-1.1637736023081376e-05,2
-2.5853382857098155,-0.9981518383003495,0.4807071396488312,1.3116006513554455,3
0.04179958319411414,-1.0529241093922537,-0.1718293555394731,1.0112306001787381,4
1.3365296870285095,0.5814405918263065,1.4230753756671282,2.6177119781979576,1
0.6479740327960543,0.46668566672385264,-0.08159522198698117,2.327482527705277,1
-0.12610904851340538,-1.3344828783796394,1.0111803418019085,-0.6235866800434869,2
-0.5300377604084977,-1.9761429823351448,0.9501137210384359,2.16103224426408,3
1.1437915976415984,0.8532429948658928,-1.460745807142505,-0.8120173246874247,1
-0.3748163001011548,-0.4480521558904186,-0.22290791783532457,-0.05397895033237706,4
2.2281311002601374,0.24542413816968314,0.07257735571758227,-0.5607441001092398,1
0.8186747307514307,-0.7830085988815061,1.8776263103225002,-1.7881307429714635,2
0.05181591879392069,0.16440275391076722,-2.3186553984604164,-0.8589035945095645,1
-0.5316482253953514,-0.19971784204483295,0.7335400975014038,-1.0083168463080108,2
-0.9027485479915671,-0.4421382370242254,-0.6031032745857264,0.37697940759580056,4
-0.8767488279137011,-1.9200805007403194,0.5690089159043522,0.9989576851254798,3
0.9471160238633551,0.6116406939986795,0.41484467789822205,0.9694082661081664,1
1.422968529465266,0.2441270281227302,0.6636821118863115,-0.5509220072000752,1
-1.2635427741269085,1.5395885432519671,0.10859261800177407,-0.5193569112408766,2
-0.9562775067420938,0.38939942448277326,1.1071018937518222,-1.5661720465221434,2
0.002846250165463184,-0.6699535964260788,-1.3406377605242117,0.8142148905311287,4
-1.8922254773244054,-0.18855484208020712,0.671107169764452,-0.8308498658968871,2
0.24200514507432397,0.6124985222945437,-1.418652084890506,1.6088413013137906,1
-1.4607079242512766,-2.514119685571696,1.1647689871784523,-0.11786363077685874,2
-1.6149606670485643,1.8340493973092207,-0.8198398357465888,-0.41578232927895553,4
-0.06855376030490591,0.272629997872291,-0.17674847960272855,0.4324323809206757,4
-0.36385386132928604,0.32634359143988795,0.599103509841557,1.6449697308851359,3
-0.9564720789933755,0.7857633725135491,-1.6488430963309149,-0.3815785136088791,4
0.2936028824134691,2.2292239342296427,0.35451870910479255,1.1679931623784674,1
-1.4543171515600828,-0.4033274154754553,1.3081267731632424,-0.36083193575860156,2
1.6770916397450217,2.4769716343750647,0.49924233601282564,1.0096215684863157,1
-1.7281447176318785,0.519951530303008,0.6839666060921257,-0.4453279419114453,2
-0.5839050821148442,-1.0778595989660944,0.15627105629852076,-0.8088561793544112,2
-0.42398901329747635,-0.1755767154775797,0.24285638080922514,0.7155009373926375,3
-0.9414131497354039,-1.0470178959691074,-0.46741738343011324,0.9296520439215263,4
-2.24183083263176,-0.4673306496830517,0.14379101032267824,-1.7022869385189694,2
0.3665424776521512,-0.8491169197199525,-0.4759576109337684,-2.084403781269964,4
-0.17776046821154814,0.2764409880816202,0.9154828045932072,-1.3846679904045742,2
0.07863860545138572,-0.6492306097544722,0.31828539939635603,-1.8222154866395701,2
-0.5148097303106368,-0.3550333730728022,1.304827037263741,0.12337674157927343,3
-0.1574165055091053,1.0406764676857048,-0.09333477234809634,1.7274636618704702,4
-0.8489616107782358,0.0766535598748071,-1.7863074601837892,0.8162911976209354,4
2.580075925261277,-1.212974474225823,-1.4226571075508658,0.7237264227733095,4
0.23900027879691813,-0.5655461232567557,0.8510859254920197,0.49400873512054033,4
-0.9459760139940905,0.22704182814024998,-1.3166171008501433,1.4496103738824384,4
-0.2722321749337269,-0.2273683642058708,-0.11647959976120788,-1.2705887176912594,4
0.5714500451631214,-0.6610970096470521,-0.2930703576199307,-0.133139884898038,4
-1.2860678701016515,-0.8384293505119268,0.8012236107870665,-0.04371362368772537,2
1.9138573385821103,1.5213894036017732,-1.0304200264267707,-0.33265350064238686,1
-2.2902379708567415,-0.13633525376307004,1.6022675597661094,-0.36296487619180395,2
-0.44732044896116724,0.8453038673779714,0.5065856402743233,-0.3138600168923593,2
-0.1840939847977235,-0.5189972702281574,1.482624701035973,0.1812170302360888,3
0.6451471582334471,0.3181899834417593,-1.1775384030673741,0.5879116604286632,1
-0.060225031828963244,-0.03085860845860517,-1.6603229757062776,-0.7263734231742784,4
-0.8392581419108425,-0.8907949380421823,0.7389221220497978,0.2406035764115732,3
-0.7972723348808038,0.3611670679173476,-0.26768193313111016,0.16898829531246704,4
-0.286003038269474,0.48222147827934475,-1.893898119269114,-0.24328517141973285,4
2.105096032574306,0.6925447059742902,0.19388548579233325,0.10609023221670578,1
-1.4033117468513143,-0.06075129563971256,0.1056772065559603,-1.5597924567731742,2
-1.1915666841147532,0.5641408906692313,-0.15297854227464988,0.5438554623787152,4
-0.31112166171750577,0.32551795260728983,-0.036778719777082886,1.7742402590454016,4
0.19494456984848163,0.5226686583871509,0.7356123771807845,0.20484037811803907,1
0.9268042484919006,1.303819841480899,-0.8774336002647289,-1.1271562669316062,1
-1.1196539533009653,-0.7134638786897189,-1.3804639108101378,-0.3790489674636394,4
0.6832726953109165,0.9408472310383122,-2.8596867618640083,-0.17223683120107391,1
0.7178908590143387,-0.15182318017076532,0.31408009471996634,0.21448849764943995,4
0.6202358319063546,-1.8217366858431976,0.763627602008502,-0.6494596267697129,2
-0.5321404951382729,1.3364912363980812,-0.035587709792513765,-0.09165274860398123,4
0.7372132463535085,-0.8347470548841132,0.33474236706460253,-0.3800308958191328,2
-0.4351797069510654,-0.46181831577194143,0.7938983177374912,-0.0855020643177903,2
-0.19161809362107954,0.26725910239798994,-0.8636853038725811,-1.7656189910721563,4
-0.06881926191389472,-0.17688689705326996,0.8078146033211625,-1.6900898687781365,2
-1.6879904398550907,0.5643055651244884,-0.9184811625117253,-0.1897759652497504,4
-0.8256535215039121,-1.1516617565295215,-0.5296294507482933,1.0560687431931184,4
0.6004527740419641,0.1746106879711787,1.0097800610685947,-0.24789580303785216,1
1.7734237747791612,-0.18921466906257595,0.8038329142975219,-1.0634792353607572,2
1.9017181853920624,-0.8992869807994193,-1.5785472330728196,0.5742632022398924,4
1.0482560898503102,-0.13659828010790942,-0.16324679730406286,-1.502312982569543,4
-0.04288631955438981,-0.8720509644832698,-0.16265036998149912,0.8421121438286208,4
-0.6653053513483227,0.09032724334506695,-0.26911506886797726,-1.797384096571047,4
-1.1359333963099836,-0.46919219370292836,0.8584967481089025,0.4315372900509569,3
-0.5311019449861069,1.2712906958949852,-0.21970250747812137,0.9591180088277373,4
-2.0625642454619046,0.4984635081615732,0.7706740548520689,0.7353994764786097,3
-0.47128135237093727,-0.16395162019443582,0.25606583800163946,-0.6020098704464234,2
-1.0255142425064647,0.107268069430854,-1.06008015954515,-0.5139125853534319,4
0.11729869396381411,-0.7241772107371811,-1.2148299382118772,-1.0215359280338465,4
0.4177852158737987,-0.01003967463994066,-0.40885894656449706,-1.2025361323850754,4
0.49268531458673437,0.8314908767160968,-0.4744596805087557,0.09539333974588594,1
-0.01950138183616234,0.7818649347827908,0.1605616261393312,-1.8145635359281516,2
1.2382638968731194,-0.6636349820392259,-0.7058333390896167,0.14125853188056367,4
1.3323922491767983,0.7990699098293531,-1.4724896117464177,-0.4370922670447053,1
-0.02145916417573899,-0.14624942447751596,0.1354840732576462,0.46173231600229486,3
0.829054859642457,-0.8954451534939091,-0.5403336796691706,1.5089973876988063,4
0.7063272437206429,0.22232512147800873,-1.9796103615153835,1.8682347592518083,1
0.5542828092967487,-1.0510531866836756,-0.8393397200376977,0.8791413814890958,4
0.36831931443832694,-0.273366232504743,-1.1603932420210366,1.653943917250976,4
-1.4461236243749667,-0.4185136619084642,0.7299973212182259,0.007471033072727074,2
0.8692654235871586,0.3331965087320799,0.4291268886294023,-0.8399590616679845,1
-0.7235234240859814,1.3201210518007096,0.1519678395152719,-0.38454887672202104,2
0.8482874473882425,1.037945632211484,-0.4063857459249908,1.6742547937866814,1
-0.09202509944261951,-0.8518104427788722,-0.37148967552804124,-0.27951551881335773,4
-0.4938228913734776,-0.140896743243032,-0.4080276804636693,0.3699149116479401,4
-2.2346668697740424,-0.23578706429728435,-0.19966807913297446,1.1139334312459641,4
-0.40605734882335626,0.40741820172574034,-0.9686793044223374,-1.0313833182772352,4
1.1282294972369526,-0.08710131747210818,-1.932942180932547,0.9930013004156396,4
-0.5936954452404556,0.06507529314912948,0.22256200175092214,0.20996855112690357,3
0.7866662672612269,0.6427426493718349,1.101990512817083,-0.7844580880737877,1
0.1236666778735768,0.34359983034544633,-2.079240203730129,-0.5478748253194548,1
0.8538661975965502,0.7440317259573159,-1.6087206777356267,-2.0525554627427605,1
-0.6602877453900529,-0.30129668993651487,0.7219829757528947,-0.2221661990096274,2
-0.4513369656747067,0.44484532905468305,0.8317772066360394,0.024139830768888766,3
0.1882405762177914,-0.6234736780353773,1.380856062365415,-0.29360722509341425,2
0.7514421099739063,-0.7543615522225305,-0.9390776717356172,0.5899516868933476,4
-2.228235737574715,2.2894033519778616,-0.21623675257496844,-0.2505712937308963,4
-1.0918868088280984,-0.1639310977793862,-0.21024794163879829,0.2599006630226217,4
-0.45312597862919524,-1.028180555058269,0.38554019565178904,-0.04791290337125859,2
1.76852432358045,-1.196624758845673,0.36314036631836105,-1.2130338214208343,2
-0.06613465657782744,-1.6147246013392238,-1.7993497085259649,0.23568100447343907,4
-0.030348224787552253,1.7307763301974293,0.0986522362396124,-2.8054395818470663,2
-0.5381741224021279,1.6575755809402881,-0.3446305300294945,-0.4490549202380542,4
0.4749912984775666,-0.29677527162387496,1.3216173424594448,0.3948347276846501,4
-0.6072287949623709,-0.13251048724390566,0.1675568082501868,2.2596737702328658,3
-0.8828958301365618,-1.4795383006734903,0.404671046011749,1.1452368095940917,3
0.14832242318633077,-0.7316465048626716,-0.4651037997297163,-0.7482469476225971,4
0.47530680151093974,1.0980730201897941,0.388646165995948,1.0763250658816508,1
-0.17410243673753129,-1.2472497161292333,-0.4795785844773815,-1.3575420339786723,4
1.7514770179427717,-0.24497272092199107,0.6106200258720048,0.7681893079193743,4
0.9506812042551405,0.8439823253891308,-0.7606404095527307,0.9652381067707543,1
-0.8996656771479654,0.18941485919533732,0.14537976330091565,-0.090555850535838,2
0.44572098076781297,0.16576858719118392,1.004701428127189,0.19175531993888817,1
-2.0159312863952144,3.1021299495866157,1.2066652173449917,-0.03686730223054427,2
-0.22295062430984952,0.12057657537461407,-0.6518873424118614,-0.42629544493526356,4
1.0891334113891389,-0.3000443125221179,0.2915442894650133,-0.15363133348477334,2
0.6239823111119197,1.3097392472970972,1.2714541852974317,1.0385769737114767,1
-0.5038731818414166,-1.722829544093546,1.5790348108601635,-1.0007983743107798,2
-0.1586696086656574,-1.050769455305777,-0.30060978201644933,0.10305298598493018,4
0.027101712132614694,1.2599764368783117,-0.12554147767419074,0.14935256264214083,1
1.3867697443943592,-0.29397427156025113,1.5657548560917076,-0.8330293248517954,2
0.8685248145025208,-0.4339102799131159,-0.90032665174314,0.2442175469571394,4
-0.7722829405738227,-1.2664247250507121,-2.0419084838351496,0.9463101259704283,4
-0.5943134106606053,1.5692887986121142,0.49875053615674364,1.3064478777828175,3
0.9319349623875759,1.1676899041733886,-0.443707699484439,2.044691680489392,1
0.5414130274657848,1.7191122537130905,-1.4383915253652892,0.15210218902730033,1
1.4010002374092656,0.45683832655249,0.7545299916889299,0.5350867407872241,1
1.1722212425473966,0.06523012891940147,-0.34032376316337437,-0.24261254180763686,1
0.008908983156746835,-0.8829147571494381,-1.6126779422829713,1.0500964001170214,4
-1.1431978163666952,0.3434498934065307,-3.233799164803371,-1.2029953765058574,4
0.3078390408776864,2.0853608162348536,-0.220516965668747,-1.191382588200891,1
1.4331873080658701,-0.7519210409492041,-0.35723020975676806,-0.49735235108479486,4
2.1174350799849857,-0.42017071176087656,-0.8728541711853335,-1.0884759432045117,4
0.9401468482963126,0.5286453221799877,-0.9477281020156102,1.0570678494406458,1
-0.20108294135373847,0.6549966007508358,-0.6956315291258172,0.031929715924280636,4
0.43808279003717515,-0.17306826255316174,0.36002716076706026,-1.0395473546080387,2
-0.8523480819694812,-0.5857374780531873,-0.7335024801687278,0.3297060057224595,4
2.0663692692686815,-1.5185556656352253,-1.8405304210655853,0.04495231870409809,4
0.4419183519768252,0.016068503032907827,0.4383314208298596,-0.7775804779163568,1
-0.27297373913799533,-0.46166439080871424,0.222446530364217,1.341525709607573,3
2.634100938632559,0.06435665763940625,-0.03236634832756255,2.4549705280659566,1
-0.6046978652427277,-0.20496118988652703,0.09299488127418735,-0.17566549429543374,2
-1.076640881674594,-0.5136157278842736,0.7353251843116753,0.40035208450552323,3
-1.3715485727055101,1.200708699635286,-0.5767063140955514,-0.12885297034522222,4
-2.3810490574673264,0.6562611300839986,0.5340987776062804,-0.2560192439696658,2
-0.7748425100782915,-0.057565285400778085,-0.07057106873557067,-1.389406136714209,4
-1.1913096756384285,-1.219444865486435,0.14879809081334805,0.4616439913225891,3
-1.3108416101075278,-0.5896368272701326,0.028318429558932295,0.6678646464353756,4
0.33563225760565324,-1.1272721978733877,1.1419592379820234,0.16266525083567926,4
0.6761147504309607,0.6681305205502068,0.6945006524004655,0.6714961685614498,1
1.1362250133810778,-0.3852093739554723,0.37177824554970446,-0.11031969418414848,2
0.9537931549197026,-0.06674049789934593,-1.5185121597445805,0.018312575162230556,4
-0.016646823437925777,1.412883813626337,0.3589045780974985,-0.1540604899486719,2
0.10655022597568017,1.0007471350060648,-0.6431265309547499,-0.13121151110960796,1
0.6313483786482808,-1.9919562868633887,1.5593392305703815,-0.9445272606420352,2
-1.1925810813287592,-0.9857404055805596,-0.43110955865436434,0.03545703487878328,4
0.9820032157771978,-2.0840954973848866,-0.503176620520775,-0.272649997668988,4
0.2613931599014283,1.8372181726805865,1.863535073598629,-0.10132905688690758,1
0.8620052596683937,-0.7306114524108822,0.021231761114711704,-0.17838032533291776,4
-1.1187254487694038,0.34773588557809404,-0.1908093039169767,-0.5815331717264927,4
-0.4391824964735857,1.034949548225113,0.3006090307816732,1.7166766865521075,3
-0.7977246158396539,-1.0275293148278066,-0.8608012230620085,0.5993725285888891,4
0.3307832808701455,-0.9025897313989322,-0.9933404262219946,-1.0935960688093453,4
0.997635812392184,0.05331333977933184,0.5672775058249535,-0.672424711139401,1
-1.5380095997423606,-1.377553928040847,0.7408286685186977,-0.4942284022516239,2
-1.1564943127903498,-0.06520334439754774,-0.8629808343231716,-0.05372373314331696,4
-0.6913112756573373,1.3080535620709453,1.1248402009989467,-1.3165373047997986,2
0.05593946607560454,1.1669328783324318,-0.50691150535483,0.17480210708470884,1
-0.7625600297887841,0.9650737623849751,1.3744323640822984,0.08263184999567093,3
0.8847540591136406,0.3459824298898427,1.0873721417350843,-0.6267350294718324,1
0.8032578976716472,-2.3589442262367073,-1.075602319562216,0.3522287400963787,4
0.5473204896412505,0.04443556170114214,-0.889749153286249,0.12889718921333654,1
-0.34590524314506343,0.4498386203535407,-1.3689161548002375,0.2313429488424401,4
0.26041461779902403,1.1797329760468334,-0.3520183859174551,-1.0407527179403058,1
0.8428216722870063,-1.5714856394141548,0.5647282242853812,1.3254305689528427,4
0.6015289918661668,-0.31893596349939035,-0.2625772394786764,0.07774572930968844,4
-1.0042773226532538,0.20040738965567925,-0.07748060665478695,-0.6903417978873265,4
-0.9204733184655052,0.4185181425119436,0.7944279628486335,1.0631321590452258,3
1.8330811705044951,0.6531615750525231,-0.07862940298052666,0.44158568740334997,1
-0.3260076391456418,-0.6888149675866848,1.1888752755381329,-1.7454812942970457,2
-0.12549138909016722,-0.395931146196458,-0.5771483346527917,0.9427721546449913,4
-0.5494722055841367,-1.6759569936798713,-0.07607800088967534,0.08500623048723896,4
-0.2256401272204459,-0.7118474090728318,-0.24141267351275042,0.7866293200070699,4
0.7674214862957434,-0.7142111546003045,0.3031874088961694,-1.2949702015508342,2
-0.9494395564315883,0.8122871414167614,0.0441377150362329,1.4178048631059057,3
0.1793251373737297,-2.424625244454784,-0.18875861637070987,1.362663720615177,4
1.0490924542971731,1.2448191577303225,-0.5296579604677323,0.288326941998738,1
1.2558834960712226,0.6354759870122726,-0.42959495614361404,1.676042973568223,1
-1.1557475890048585,0.20877551851394457,-0.6027089060332228,-1.0335077127884174,4
0.9216966339133358,-0.6157919426611054,-0.513632521772974,0.14671038304026152,4
0.3237598636375148,0.4046117775809752,1.592259439731643,1.21830654006009,1
0.509026306715947,-0.43418009347873515,0.022831901650800603,-1.0530843580251668,4
-1.0588958312780525,2.162518663812951,-0.2536938404821695,0.3273853614673661,4
1.9656044318158707,0.3127737598727483,-1.2586614312184332,-0.31064994841460764,1
1.8356359905441322,0.23124795863000766,0.8724658257478977,1.3273805805085537,1
1.1168341354724245,0.19936218182647228,1.1476403819229009,-0.6052215613334262,1
-2.3640215461591456,0.18931847332602983,0.693261993745457,-0.46283566661502595,2
-0.13668591988337528,0.5151818901249173,2.231805759017896,1.2414025568193894,3
-1.2621993882434595,-0.036356467816576074,-1.8525687927218373,0.5372074296396663,4
0.006941098205336116,-0.481866984230471,-1.0193568444857748,0.8969863548896555,4
0.619502998266731,1.8847591552997331,0.2165749813045354,0.6552794878597451,1
0.9596615079995924,0.5257644989910064,-0.008932103587309753,-1.3078602428302855,1
1.092375207655629,0.8882523516542176,0.27399292607845743,0.6436927599407108,1
-0.20298147640449815,0.6888003316812593,-0.008891056507262556,-0.07458850565780098,4
-0.3703007898137187,1.5620159027629523,1.602148069961688,1.2352465396185226,3
-0.5642171830454618,-0.0004124850948477499,-1.3880055204811579,0.3155953891266303,4
0.2817021746433968,-1.0997542066932349,-0.30092678816998375,0.942660286249059,4
0.718778615759667,1.43007317842503,-0.3886162555470783,-0.2528386164244005,1
0.7041439647300175,-0.6803410754829792,0.8512954576707179,1.0287045190735624,4
-0.9496399982656072,1.210092169217873,1.188881046978076,0.4431048883589888,3
1.1243238261300308,0.3359732067493155,-1.5535000990156342,-1.2402523493839108,1
-1.1180059491854226,0.36934333020602383,-0.39262301185994586,-1.5542399045090887,4
0.6302120458951781,-1.5185102416261638,0.8557278928107616,-2.2880238461074964,2
-1.7223639425924284,0.3008629156706126,0.5093341318499898,1.4818864478834373,3
1.0482746156361211,0.063981535003335,1.261282610127324,-0.8320787278051788,1
1.451233796497651,-2.5671083798668337,-1.7198228973905767,-0.06621493952300073,4
0.7467623439694386,0.5290054716041285,-0.42015207045660624,-0.02243819941728381,1
-0.00013079641241180436,-0.5739728032400989,1.5845482796891648,-0.6383368248556244,2
0.06424144738906971,2.225791001904275,-0.17953683596139677,-1.11145122907051,1
-0.25835427769818325,-0.6454715952456025,0.5567693767479969,-1.4204598135614503,2
-0.9220538716409775,-1.379468268024768,0.17567515085748717,-0.28182474817977266,2
0.5254570966487186,-0.4615114044661277,0.2795132639776093,1.0219471217786653,4
0.18184503349044692,1.7773540498020635,1.4400256996800824,1.0419123350177775,1
-1.1970161812823805,-0.18599290971323326,-1.1863570330847215,0.7338348323784274,4
-0.8727133393676073,1.6015091085389983,-0.24439120111245743,-0.25788948578637866,4
1.074571128210691,0.6220983095543468,0.7316741807588032,-0.02744023244410112,1
0.7244657212846393,-0.34763560045854436,0.3519941747958338,-1.6325333903961081,2
0.6753478566442065,-1.4178651683385513,-0.45744820058312774,1.0668433681839502,4
0.3788920549101841,-0.5181085706102553,1.2803093430736536,-0.42091385777258816,2
-0.971719975504721,-0.39453816579248896,0.8311922738896377,-0.4290023561505089,2
-1.1092826930417845,0.5898493436310033,0.5747222832870306,-0.18379964306826252,2
0.4174340451981571,0.20934502505460537,-1.4490412607095342,0.6492337354272657,1
0.03361839290452173,0.23588754617816227,-0.10552484223784579,-0.02578640293501508,1
0.9030785920883615,0.1583315076747027,0.7222306334545303,-2.1296369874547705,1
-0.3374348582288692,-1.415491790289175,-1.487823720557635,-0.8354580599661957,4
0.3486208627608744,-0.558923323742028,-0.9582809545527575,-0.33855293946888515,4
0.7825338553291245,-0.5889191978154815,0.307572678568363,0.8685122841325981,4
-0.5534500308060392,-0.5476076650460789,0.06710823877223797,-1.6631001483887475,2
-0.9170974023092645,1.0408076698607145,0.6287153010851253,-0.12792310057183606,2
0.8198775028567369,0.13328263628058687,-2.0085760287555834,-0.3121216521259201,1
1.961484917379991,-0.3367665006609973,1.2482845738511152,0.10956640059375376,4
1.4543704911142252,2.057859631581857,1.489405627561101,-1.5989335969639464,1
1.2419302519639595,-0.8252207147017322,0.8165388311152538,-1.1970356697587723,2
0.24634957030267557,1.88745511632973,-0.0842579095869368,0.8102207302794601,1
-1.0441523302525528,0.04254198954808936,-0.18458334440846266,0.23752647466959356,4
0.19313733812330033,-0.9913052078958227,1.0872335229458183,1.215726839573027,4
1.6944373125646097,1.2180156473908235,-2.877765847297254,0.45148993430313694,1
3.093374927240924,-1.7200916743258314,-0.2447797586770325,0.671743403140057,4
-0.17682411225458333,-0.21804946086951416,0.5029318191786513,0.5609222990752898,3
0.11224212295075793,0.26679455048982537,-1.0310998840173176,-0.4593296208272785,1
-0.46626428599741065,1.7900491325102756,1.018909275487517,-2.020155707527687,2
-0.16100020540886065,0.4461233435151922,0.013393922130517275,0.8170774094689413,4
0.5622085866398865,-0.18915124163242045,-1.996929594934863,0.6967977301004384,4
-1.3519306384094276,-1.756638614353784,0.7774574104973085,-0.11389534522129306,2
1.8024117235544608,1.0855792093171366,-2.870144880667927,-0.8719162080647818,1
0.8358692251606821,0.17625516096607688,-0.4931115075913031,0.2800527082388578,1
-1.2486255813792904,-1.1437748985773601,-1.2779531945362643,0.655673272216105,4
1.7949240167611848,-0.1079489208771531,0.146211251818657,-0.7172183260988637,2
-1.122675567629322,-0.03423696772757499,-1.633044076839746,1.9831369119005438,4
0.3294423469444763,-0.031776534098311784,0.08581327130954719,-0.4353981545684394,2
-0.8801311135824195,-0.7743073384235636,-0.28139113405348587,0.6029227837622765,4
-0.360179426481567,0.2208652494805055,-1.6777250586916481,1.6508737863161387,4
-1.2968990419798565,0.7437616290459728,-1.1761706628343556,-0.5752225313159126,4
-0.9143825919707785,-0.06882769431117364,-0.773020774463706,0.46776345493715005,4
0.2258654729810889,1.4360567838979448,0.03966021698216861,-0.23087351789537822,1
1.2193063138459643,2.2450970178964997,0.5340760394798328,0.2695612216079011,1
-0.025738199369889594,1.3129445407970284,-0.8976051300573766,0.16995352434816544,4
-0.8952895596378735,0.09988606154345783,-0.8227177555143897,-1.7886057582157886,4
-0.5684003752012354,0.48583838103997484,-0.159240891967045,-1.6176117659642826,4
-1.055765007493014,-2.2844009297543586,1.9077221077149848,1.0173419696104748,3
0.4175302957802603,0.16662611668405763,-1.0196668479746298,0.20931256365738712,1
-0.450568479044196,-0.7074767111636685,2.269474967933461,-0.12054656868257946,2
-0.3370602132723389,-0.41054952559490465,-0.5045475772226096,0.47553447897036316,4
1.1142700558489538,0.09324628260538262,0.9013348091001773,0.1590137506335661,1
0.4119100730428985,0.3212096278466463,-1.0250080260398402,0.49041009954475917,1
0.10297190809603061,-0.9645502932403297,0.2554078659774198,-1.4874202595947583,2
0.4628212595618915,0.010313341202996297,-0.4037539818925478,1.6212713953626054,1
0.3349450684645281,-2.2679206075920266,0.9427297108242106,1.481924984587795,4
0.7463721281152387,0.4097823032228642,1.3597917866638973,-0.4258818187017328,1
0.06337291103794797,-2.271651768597402,-0.3298957630855489,-0.8932291414756086,4
-0.03094685290642331,-0.8431176487401079,-1.4154620942480711,-0.8813912072989015,4
0.5626051758757888,-1.5286851238034231,-0.5205002393622926,0.6398656110841348,4
-0.38074895413272386,-1.5257908731388106,-1.4457885287700165,0.6945101787366946,4
-0.2543489777776282,-0.3659909863641882,0.39722734655259934,0.9690399111910539,3
-0.6509875609822363,0.10085898468002295,-0.1907613693707236,-1.49857725058566,4
-0.23514667386444094,-0.73389492386251,0.40444110213692924,-1.3323676824369057,2
0.23591451576849826,-0.4491530771530625,1.1162233250445577,-0.6035241383687882,2
0.5418604134591833,0.5651166856191476,-1.4531790426780737,-0.03878605204822711,1
-0.6803295422512488,-0.01947660984885877,2.0563923231409267,-1.290011435860986,2
-0.45898474395400846,-1.172255357213682,0.40096249295002595,-1.187211498171046,2
-0.3424812969757759,1.1100733128400677,-0.24596903710572432,-0.6755216838478373,4
-0.37149328892076444,-0.17006222354387582,0.6324857619567792,-0.5857175206207164,2
0.39110916285523084,0.7387892503634002,0.704956820185301,0.5719504668943254,1
0.03807392789874694,-1.0870122894510201,0.43484762047106373,0.32731204318923673,4
-1.6576725440126776,0.6819690993433338,-0.27096208007524686,-0.4078093499339834,4
0.7735561575047164,1.7018009231471185,-0.8095035842763452,-0.25214020619748245,1
0.1997491136870487,-1.1011015111618212,-0.03160002867047665,-0.4266911957593062,4
1.1820441262761545,-0.8085928423602389,-1.1981909881654054,1.6618690625010548,4
0.2694458412609794,1.6410188762084652,1.4194429676911076,0.7019473523027291,1
-0.6744459292577236,-0.9637269789611885,0.12505001038359392,2.019120118519018,3
-0.5559541826156674,-0.8208067993620869,0.685746682638122,-0.8001381492803803,2
0.6408332582121077,0.5544088962798561,-0.29557860042903067,-0.4550640965006561,1
0.03815901662397399,-1.3683159165642833,1.338120407908885,-1.1769539957189,2
0.31094702307602023,-0.4250729286491851,-0.4706095179597296,0.3870277306244022,4
-2.178536786973613,-0.21560896521028944,1.9255489635664251,-0.026252049814145514,2
-0.6110274247540912,0.1546574139661977,1.3750517944162748,0.6040044877809299,3
-0.054675724287715756,-1.0047648802794684,0.2980372496993454,-1.0090681509695452,2
0.6003654437183252,-0.26351112505497415,-1.8223600826102064,-1.706081806660803,4
-0.8277787375177987,0.15652814579865013,0.34923875972146545,0.4997849780143047,3
-0.5500819854951942,-0.42942187384933156,0.2871276689803778,-0.5438218351734184,2
0.04896405313312858,-0.9686060179590379,-0.43271555112306803,-2.675463496028367,4
-0.28403804545496547,1.1330667269353005,0.0687465273362758,-0.7843102350228646,2
1.0094739304628584,-0.9737277040438329,0.8450420779984955,1.209953954201433,4
1.0077772145113408,-1.2188664977586217,-0.4635193474024861,-1.5411786411117256,4
-0.7178116034129909,0.13450130251804013,-0.885135722716784,0.9713421108408079,4
-0.7005541468042805,0.3747958674388452,0.03522863759258114,-0.6213481569553905,4
-0.34293593010275186,0.1687768988573797,0.6778553358628374,1.4774625490368658,3
-0.22105764408449782,2.073634159784021,-2.2241081780713943,-2.7019115934336533,4
-0.38363580404807535,-1.8677854389804767,-0.8244256322309836,0.5389581678078383,4
-1.5264402834810291,0.7997672084122543,0.9573699049578521,1.7059682134784295,3
2.313424902228535,-0.20745187504086904,-1.2914912178780609,1.5406994469492425,4
-1.7440799251074661,0.18674814477890997,1.1455016643430753,0.2834264582018041,3
-1.2244891915140694,-0.26740998585123116,0.3133107893222467,1.0940181467438204,3
-1.2445155558685075,-0.44430306032276273,-0.816138698145671,-0.831551027394771,4
-0.2755726529821857,0.9873421338194335,0.04776184538620802,0.5519956846643783,3
0.17853276081703665,0.6802105918793953,0.14948690440846066,0.3538335336339649,1
0.3449657577307156,1.816596895980992,0.22790490940983882,-0.7728045851350819,1
-0.023780680624363226,-1.9172466154990866,-0.06414830840650702,0.004323164192136283,4
0.8150084287495936,0.17873216452265228,0.8177385600508121,1.0038373288310503,1
-2.6160421039625597,-1.5282638233507388,1.621144961573374,0.9453895865733576,3
0.08494827233721983,1.538843373589385,-0.7432907930714082,-1.0858851646888887,1
-0.04530089859436621,-1.0459743317345298,-0.2719234103019423,1.0639427431118331,4
1.1894520407393814,0.4941943271066359,-0.043560929914319854,-0.8005187170324772,1
0.0924010350514776,-1.1030072610247517,2.4615709736062983,-0.18935195384590933,2
0.8074968267268912,0.32510202542579336,0.7849670059004932,0.5081019521794552,1
0.08874936297173924,0.8603345898314416,-1.6130728315699119,0.20248252439275627,1
-0.0605176981290421,1.3016227902658948,-0.35904996156878494,-0.4839811466645896,4
0.16666410316031488,-0.6045515770432335,0.01507044943695421,-0.35579257958723065,4
-0.42304293844740887,0.3227808515750364,-1.150196209706889,-0.03970869338134068,4
0.24899327072471975,0.5477179638403842,-0.046690825175993024,-0.6969134974340422,1
1.4676822880883573,1.5943291928366268,-0.34298347247117056,0.9417859014035592,1
0.7206288417836343,1.875647267759868,0.9502271802068024,0.3473769719192496,1
-0.13908100800480047,-0.023010334328503624,-1.823539645337385,0.11675366188409449,4
-1.0455036301091578,0.9041585123745284,0.930155870489803,1.493341300536483,3
0.12977201738893906,1.2088874255420161,-0.27123615496612596,-0.27163614390815577,1
-1.672802363766601,0.0930338542053491,-1.1876452849463803,0.10799819178701006,4
-1.2406926098946198,-0.689040246193939,1.628568756840184,1.090163850657227,3
-0.5201044336696076,4.683432260047334,-0.8169786510467704,-1.059777092530656,4
-0.7951229929939501,-2.2094775686117947,-0.1007745784434454,-0.06562794202978754,4
-0.36399468169377397,-1.1776921031900742,-0.586491936803108,-0.5240072662532647,4
-1.6202855629922683,0.2198978852377429,-0.3750816972140437,-1.848196633586324,4
0.24064886187017148,1.3723211510755293,0.32107224076354235,-1.4138828049533765,1
-0.9310651318226996,-0.3676167762631229,0.8905749141075109,-1.7583400673714147,2
0.6902450420827234,-1.14606385610777,-0.03445019141562291,1.6194257029116164,4
-2.1873560475935827,-0.11056341507728075,1.023469550157495,0.5397358232427849,3
-0.6721319731555023,2.6867588954366624,-0.4771891612885615,0.6252870482873536,4
0.5180655250054191,0.5627380950672921,-1.5774883361563228,-1.494356553373179,1
1.1308549827130017,-0.05902638725506797,0.09550396703723942,-0.01682254291614507,2
1.4122767319954648,1.2153905626509336,0.3104573964384551,-0.5628786935907696,1
-0.731186187758844,-1.375585709780072,0.9408081803258729,-0.6680484929732381,2
0.07355923658469243,2.264937744352289,0.0046339097182637535,-2.147474090261183,1
-0.09535447024890559,-1.8368810295746087,0.11220744693340952,0.10977727424313073,3
0.7561154452998401,1.2345428072514502,-0.6159835795340384,0.3866055165893944,1
1.7958439743230898,-1.1047767335985013,1.8250576765508333,-0.26789901149669465,2
1.3942510391400953,-0.06225408843236388,-1.391801736996149,-0.18865633130294887,4
0.6874294056120656,0.08885063290056658,1.4553257615264625,0.3412463945415833,1
0.8011262250116552,0.18236518572963492,-0.9445893559878198,-2.8099397103166743,1
-0.3961021578150587,0.5158710752297938,1.6595909152254704,0.7190863015747568,3
-0.7763794718633095,1.7847281357305584,0.8128092208833368,0.2778246992203713,3
0.6047466424477694,1.436111584793383,-0.5756230719785597,-2.0252881636937325,1
-0.29974041024135745,1.6062688911572915,0.4917285343304897,-0.12243625423838718,2
-0.5614795036710936,0.4863508225017259,0.3666002055932931,1.3613611379408557,3
1.8158293435894672,0.3478602892991765,0.5754934007274704,0.21602284202045027,1
0.11400062095163058,0.2047983752462167,0.9824759192056024,-0.6046686966813389,1
-1.38028549468941,0.6494869145134216,0.47685469867460956,-0.36682736279514977,2
-0.3114438553854168,-0.46315806157846684,0.7791547563208115,0.26959596789278506,3
-0.7291005979616652,2.7491359970549816,0.4856685047079198,-1.5324530370902854,2
0.6483248557168554,0.023983173533093857,0.5953285914591282,1.0748585771826262,1
0.8618219106751732,0.007102017666970986,0.3715491881595474,-0.811284208584326,1
0.021163514483831355,0.38975856217672494,-1.4748283093182843,0.7348173195440904,1
0.9127578727490873,-0.8323903690099845,0.292549268515752,0.12048060844976696,4
-2.603456702486039,0.08921600319734722,0.26981332187123636,0.28157386666340706,3
0.05308060859492562,-0.8860265371578233,0.5641787841181439,-0.1049294235225012,2
0.7875964796714169,0.3410386136633492,1.3630600520484553,-0.5556215871898146,1
-1.7224284138142993,0.05821691780626424,-0.13461480206409515,-0.7122063969861973,4
1.097680948927582,-0.22388653407365766,0.11654501322031692,-0.8406439214952319,2
0.07798074815374889,-1.8341385198420372,-0.39830139961901767,-0.5706845869019,4
0.6100045536027789,0.14176528403686334,-0.14553097878919125,0.6263547945542476,1
-0.7092769774346178,-0.6372080898422747,0.2690728540288909,-1.4874456686313222,2
0.631309201647051,-0.010446108944995609,-0.002393842749827072,0.08536556979354942,4
0.5795189765261017,-1.5186882839443254,-0.05912657243766218,0.8047692245138919,4
-1.29790120286612,-0.27310355735344805,-0.591146354672585,-0.6759410246762785,4
-0.8367508163128655,0.09970059894212335,1.2144041399478294,0.2851734391993641,3
1.7820850669733066,0.914261876310353,-0.8460690000690936,-0.7727191584091784,1
0.46781324563490234,-0.4848201020040199,1.0070694952343282,-0.7406427978821847,2
0.1490721579887752,-0.7257360727063118,2.042837564188033,-0.7681964960872704,2
0.9638743957362571,-0.4614066790797487,-0.4410901583827021,2.0322468829865112,4
-1.7066700545976579,-1.4990433954554063,-1.324982942836716,-0.7279315356249266,4
1.6580887800776025,2.3771411418657893,1.7972623272894792,-0.13230658554370656,1
0.26080380564844924,1.8723120770432424,-0.3769667618547983,-1.1126795271963827,1
1.2681342663840163,-1.3517091059927144,0.44750838909126894,0.5470932304389783,4
-0.7905664530412373,0.1446472478197739,0.08762839476259483,0.3985741152957678,3
-0.4225228539863054,1.3340948998772657,-0.6973336275968453,-0.9467167736539778,4
-0.9178479422766872,0.7283287819635931,0.6686123969077861,-0.7990861112277728,2
-1.0122797364760867,-1.300802535733505,0.3005039440035953,-0.6464889602506941,2
0.9706229235775464,-0.9884087179137848,1.105668756322996,-1.5857756120371038,2
-0.6635352021339622,1.784171605956638,-0.9817972959767433,0.4401438073425537,4
-2.57418045023197,-0.9502095398254463,-0.979214662922821,-0.3403988233637179,4
0.6232188892934012,-1.6047548748622817,1.1966739642749473,-0.9602499601439305,2
0.3331194664049588,0.162412638128486,-0.2425850638728825,-0.3417380167354376,1
1.1423549225293999,0.4638412599310932,-1.338660539387338,0.7614733331527795,1
-0.4392462210126469,-0.788337110791871,2.5080136381243037,0.058936276817123774,3
-1.0425139922412332,-0.5209467474309017,2.5763155441997947,0.1260152549741928,3
-1.1979358649762388,1.1204654854036848,-0.16299091358902,-0.13431962590223784,4
0.1915413536948611,-0.01176721009010606,0.8563012717714422,2.3722156659062015,4
0.33748675200367995,0.44396567784347746,-0.5965290307938789,1.188284637135785,1
-1.6859601607631052,-0.4333359704895786,0.18052682571243175,-1.141971587215072,2
-0.41617660124584804,0.030332801786675082,0.5519419791690066,1.229868317970797,3
0.5456867302425071,-0.5122642938768573,-1.1171620900306458,0.4408618415929737,4
-1.8531559232059398,1.0136659239003447,0.9606143716800191,1.387856367993043,3
-0.46388044180180965,0.36990137426710573,-3.201909191245166,1.538010783718258,4
-0.6253509128413726,0.13066232514800075,0.4335005771204443,-0.7514549253140668,2
-0.03350370773811171,0.5247140565082745,2.6470588065256617,-0.5605516372367987,2
0.40388216755744744,-0.36879688287566037,0.2632389445866312,-0.42746431538262436,2
-0.5698958053366865,-2.0052176029769107,-0.11829287219052086,-0.4872224024437609,4
0.1977331472164279,1.0851412051561216,0.8863036066187291,1.6730009372179666,1
0.751552114640517,1.3415249552067454,0.020468106742952283,-0.9373192214058526,1
