Feature_1,Feature_2,Feature_3,Feature_4
-1.036837215405271,-0.5277781186497572,0.4009368356182007,-0.546476921588158
-0.38923062944779885,-0.4293018876784499,0.45028616439759295,-1.8502747250718559
1.5378691679224767,1.405273095147922,-0.6656863931210749,-0.7717791832805754
0.8929857428189492,0.42381030896911387,0.31213404579818865,-0.4465474071086709
0.5856378644862078,0.42841143821858607,0.03089634752761848,-1.1626474647375986
-0.9243156892285411,-1.0757026491898458,0.06211513487298781,-0.8132915819552697
-2.3532411354840552,-1.9971314529065876,0.9987744545733562,0.272405887729472
-0.9991636789523206,-0.711877493800658,0.3443449015465246,0.8619153949530594
-1.62449509203211,-1.4351614827875925,0.17301046091232594,0.8866673365240104
0.9248802687344118,1.0797833429812953,-0.8597972499267879,0.4647816591053998
-1.5930251318263844,-1.801893407067016,1.0390740952724453,0.48058423893877095
1.4121245780546199,0.6655897083500424,-0.6804629610736733,-0.6826524119890522
0.6909036654477585,0.6725654797896701,-1.1928081472136134,-0.38834193220698354
-0.5853297676691694,-1.083681870809824,1.1167024935941678,1.2378330587145145
0.07344285013224594,0.5316215160231367,-1.3365984776432118,-0.5809641630905186
-0.20798121201655725,0.11968997215165782,-1.2108200167167935,-1.4944668072488199
0.7436659944496007,0.19192244890222926,-0.3427098109945147,0.23423774712786646
-0.6904941650939045,-0.2900173046148708,0.5782615836807611,0.5859402441203513
0.5034616595198795,0.4236585518201354,-0.26529705254994235,-0.01354556048042126
-0.32671543426267763,-0.10429691268692967,0.4069091345854629,0.7741875465681799
-1.6563805779272123,-1.1785600325324783,0.04088955044693648,-0.757175200198241
-0.2506980309552004,0.5901194631571802,-1.2098302121363878,1.268233655981431
-0.26174259794378396,-0.22163203292961312,-0.2032882626631073,-0.8659451608219854
-1.7330126944160222,-1.757214301953435,1.3173495147046703,1.499494178421073
-1.5751437092287524,-1.7053267101484662,2.1859732670913514,0.7162718935793203
0.606716350292617,1.0400669752195346,-0.9918057788618955,0.8134174659247582
-0.36589860297836635,0.0817997798218615,-0.8352097073011213,0.3078999434825235
-1.1445549066349436,-1.323312529490175,0.8501732289687389,0.2080884145883617
0.5140071933867105,-0.06667792396331881,0.5343047869298384,0.8216797600141046
-0.35753734218266997,-0.7152387835603714,1.314237856421021,-0.73118433944591
-0.7794481063905605,-1.0012975565785083,1.7766842857157648,-0.3684960272110324
-0.09631559549617236,-0.1504587231887802,0.6130585483665605,-1.1019387290573572
0.6805454608167718,0.3852802419309872,-0.3272378345444512,0.7749359226760325
1.159255583940803,0.5816313998872499,-0.21942277814015707,0.8013267543101401
0.25212753313145797,-0.12351334372636075,1.3884764453204026,-0.5032215131423566
0.15457898353928165,-0.4215257407234639,0.7346856797075978,0.9123786889715938
-0.38531439673518875,-0.394631613320237,-0.41722874660904286,-0.6837922621038519
-0.7155452212328001,-0.806691635131091,0.4828413111375062,0.5504375977473364
0.5748562878170296,1.3536889540912433,-1.1601118800318693,-1.378128395165832
-0.2862172461527233,-1.0415785725679834,1.037613274906609,0.10106401215213599
-0.7586992771188349,-0.6626304144537246,0.35103425733559884,-0.20275103300932995
1.9948892479794587,1.94809850980356,-1.935839666840137,1.4177256821676552
1.5650385392235384,1.6032673206099108,-0.9961375308341361,0.5159298135200644
-1.9030549512901322,-1.7269953556932558,1.4067338218992615,-0.4809367451689508
-0.886771061304157,-0.9429504365033471,0.7724922569584378,0.15637091184158705
-0.1649266589081436,-0.7423585767630041,1.615603220984991,0.10169389253157142
1.5079291376414594,2.2297566871110046,-2.4745995671793026,-0.1161008061656592
-1.646832745351939,-2.0346937205661866,1.4325607110633785,-1.3015976933160758
-0.4681871344034702,-0.3908163522557288,0.6190734677286913,1.0160689313687041
1.4629792896407023,1.4230706989919006,-0.7798735636613037,-1.7708606484666585
0.0889830717415548,0.5128049754587042,-1.365080862759742,-0.38653216888530045
-1.3836900292677639,-0.8917942420051741,0.9804388802750548,1.2051254819871673
1.5630697269908305,2.1359523932282634,-2.5312937092229415,0.3475165508228404
1.5042375157158139,1.561156803705107,-0.704900102744773,0.26292194374809963
-0.548207213751929,0.06679447324020246,-0.7505900381397761,-0.6914511327922778
-0.5456654258232281,-0.9672893650375771,0.6682794159531268,-1.9425535759090968
-0.27456997695879914,0.37440312949279575,-2.0230316507475385,0.87044348256889
-0.37391386802343257,-0.20781243563821805,-0.3145501919560025,1.3792066542254198
1.033580161375224,1.1026729610387553,-1.4141863850956087,0.08598542921301656
1.00740189126193,0.951868927081302,-0.68078134609129,1.2733461867982367
-0.3228901442642709,-0.03074153705106086,-1.0397792457197375,-0.9557524708002069
-0.23568383325849615,-0.4632770668486917,0.5836256746600529,-0.1502395064350517
0.6746974312406857,1.2026208992868759,-0.854186834784618,0.7021130565751228
-0.8749587370536542,-1.0041094854498007,0.6069311519836563,0.023672424353860622
-1.9718647859590361,-0.9758065482191388,0.9448379417567331,1.3258901116273374
0.27439592692305437,0.41446308962304,0.2620107111641321,0.28863808128863094
-0.9043965725906497,0.37115974206402097,-0.8333114804287385,-2.269128879807222
-0.05074563651048667,0.07885045508008841,0.28419279612152754,1.8585213024672493
-0.9540270746140712,-0.7756850091858122,0.1700376489165425,-1.4069773362649967
1.0266630152442382,0.6318452179727051,-0.1954153336041073,1.8233615330368573
-0.627615289027933,-0.9091450079952623,0.7640183114811183,-0.00985564148838583
1.1148201792095231,1.3910383254293643,-1.8826492709702534,0.22613177429419143
-0.3495150442493567,-0.8110509802828961,1.2509670810290552,-1.6382157881350723
0.8089451466343462,0.5984190766584485,-0.43024433706791637,1.1098562261193563
-1.6955430201084039,-1.6149969224555971,1.241786992414377,-1.5545852785381107
0.8126437112830747,0.7243355776911684,-0.8210097116863685,2.1083855464471974
-1.3661761161065265,-1.1283162998437057,0.4082409383280703,0.1623072513734457
-1.699436842561685,-0.8360726527817995,-0.794291358715503,0.3243627599216867
1.2458818782029815,0.5490591840389519,0.5107990553467426,-0.7589399623282125
-0.764136245150614,-1.0571099653216303,-0.32626660350508707,-1.676143658117056
1.0006786171043116,0.16941616110822214,1.115934524933188,0.12746556690309374
0.5356380911647353,0.058413923994491176,0.34050863739495774,0.4167398715459942
-0.8636020390364002,-0.1047508202011689,-0.11808896362998744,-0.873893443893656
1.394526450050099,1.3318848587709555,-0.8721979369969919,0.6789953484155691
1.1618981789472098,0.464370911667085,-0.016413321173145496,-0.33094815848784004
-1.316574781365947,-0.9623942793033117,0.5970020495745437,-1.1860653744691891
-1.4352638757022402,-1.5595146876507948,1.8455113720633092,-0.18443748793119494
0.6294045727878107,0.8630785220840443,-0.8909322129052586,-0.6037696141310431
-0.422395496299447,-0.9522314853355096,1.111525663048448,0.47351183926397183
0.5750597461704499,0.5055371118413162,-0.8765678932491255,-0.031294123804132754
-0.9957567218505758,-0.9319299230899171,0.8614536585131225,-0.5362481780357331
-0.7880391149659599,-1.1390969710792958,0.915741250923728,0.4797499667213698
-1.049923809424514,-0.9084784042832292,1.0213480292176491,-0.7076232710090209
0.1465378435263083,0.1020888305197438,-0.4099722194817846,0.8589667601851612
0.04370625158901581,0.2878875452036935,-0.3639730331062493,-1.1155185011244038
-1.0182931145119412,-0.9248552520945765,0.9308485181587266,0.6931696836326458
-0.07837520009663555,-0.03555097663366662,-0.3024606363521019,-0.30755315043937537
-0.4630941074163297,-0.5977947292025871,0.5005684095168418,-0.10022808644637694
1.437818945004698,0.8363210616289114,-0.17654918938210304,-0.7899058234012062
0.29863426588439923,-0.31121478718999107,0.972414959743008,0.6550026335311748
1.0560465390833396,1.2278347863489387,-1.2468113265712208,0.08192216996689117
0.7010454017861046,0.7939044983733542,-0.1789864177652695,-0.015262976593380622
1.1122257506229172,0.559214326130279,0.3411445277431509,0.37754668627623084
-0.8160488608002374,-0.805536257435189,0.7043458537365047,-1.4074359490081172
-0.07050135922567985,-0.010878975986948649,-0.8169690269900103,-1.4102093409641843
-0.4624707083311023,-0.5432678807265394,0.9987296329039789,-0.7650403693560204
0.6748452375368144,-0.2616344686900405,0.5896101715617093,-1.8818674321672577
-0.6469380088577366,-0.7296650617592875,1.9855507592121895,1.3292118976994767
1.40708217745504,1.6938891361472068,-2.6042220171070865,1.8132316895355003
-0.5433818392616591,-0.23323952606930876,0.41272998666064337,1.5226929860261362
-1.0478843714532002,-1.404519329777038,1.657641478967583,-0.3786422893648653
0.4828932555601932,-0.0872745259505768,0.11396664163258319,-1.6539983340332742
0.22704521806286698,0.47215534387812713,-0.717882272867229,-0.5307841420468843
0.6688419374347273,0.7360675592224266,-0.5405035739264449,-0.8517297265246846
1.7544815758977406,1.808326352302759,-2.525113723837342,-1.1003296579832202
-1.6775438783162246,-1.584792124114272,0.9605632430235255,1.0091580002544505
0.3635706668977941,-0.21896918571885396,0.5983863720565961,-1.4141626715350801
-1.3252198666813695,-0.528584069616581,0.5288395680314306,0.16689301228923545
-0.1571263453917803,-0.4862910118430867,-0.22234111940959306,-1.4292196700932789
0.6098265891592796,0.513361900272237,-0.3996319445979158,-0.3422825756464143
-0.2607894306583534,-0.26232285070024897,0.15920595230126558,1.5345663394858997
-0.7515516132382327,-0.5020805616411825,-0.28661624154790155,-0.22546409347534196
-0.6270545194336781,-0.9933372655816356,0.9448376439149426,0.18072426526887533
0.7825246433821856,0.5429380563043875,-0.8670101235790058,0.32727642317809763
0.8108244918795584,0.7397314707105244,-0.6667132358115004,-1.3107033838263291
0.004966795748489363,0.2241714197167544,-0.5370066957941496,0.9587051879552129
2.0158011289919533,2.032667130436407,-2.175449868841864,-0.2441400664139626
-0.9526438469652951,-0.5420019739296696,0.43981976088360647,-2.017760162739905
-0.8881929755020307,-0.5804728821822227,0.4459421820039978,0.9480199890317943
-0.3055270545081956,0.14933361200895146,-1.3695787099987569,1.1767618560725763
0.8958654669473313,1.094212814548313,-1.3582894963500778,-0.32554392981419183
0.24548314117676268,0.6764004920488409,-0.8717939209130539,-0.2719384484461926
-1.8442705251082758,-1.3584942498799941,1.075735612667936,0.7098675165900098
0.8286910806796578,0.4576111144479762,-0.0254254905541289,-0.8767273978560524
0.057185008569228125,-0.030823344750635043,0.1019846024593298,0.5250154598796304
0.7823219967898186,0.4728017063383505,-0.2530567316410597,0.10836991763652633
-0.7455613506917648,-0.23321649071187067,0.04334128887036377,0.8593715173670691
0.2502751248072875,-0.19665290218441014,0.3007674063174743,1.9062938503528497
-0.9958648079549358,-0.47043081381869556,0.43569985741449796,0.9516565952423024
0.3378917893224645,0.5070740475064108,-0.27934579375199287,0.20455054195187022
0.6115004743004439,0.26452307529753094,-0.2745338084596239,1.688435927399853
-0.4309801179336222,-0.6471754650292758,0.625645249613743,1.3268404202486213
0.6269257297814014,0.6821761554467586,-0.4563193778996787,-0.22242815588165385
-2.893641500091916,-1.9754620989978064,0.6072099588906918,-0.4669219407384061
1.9129768862224825,2.5524313634493687,-2.488628158852928,0.505561816388812
1.3467173244630022,0.8044887684657096,-0.45262001870173857,-0.4565818732637038
-0.836121492775122,-1.212109736947972,1.0758622998529297,1.3861972535486635
0.404719692339429,-0.18293678476486985,0.5028348574368533,0.5648579369221564
0.147649474060879,0.5330321575979905,-0.6098892659574172,0.9264625922268275
-1.2292763511052203,-0.9016525805984583,1.1180655649197904,1.1150175775804547
-1.3686524590623974,-1.38791802792566,0.8454857039025186,0.24439130869294276
0.17184214618784777,0.32879113896975176,-1.080060875795228,-1.8302340283433565
0.20776459542762515,1.148208934293323,-0.834783555283182,-0.42992340079949193
0.7555603703555545,0.36742626012306495,0.2058847724115492,0.8158533287610169
1.1928147622485314,0.920612299101376,-0.7993896198205658,0.04680036971217872
0.1754404651953673,-0.4046195931519695,0.8496195095662462,1.1335940535505737
-1.4214628223253276,-1.9237143953629068,1.5745470641175843,0.2598325151000318
1.319934669427965,1.4168037014378054,-1.232204092442541,0.4731716713300284
-1.5342201317085433,-1.2145766694114972,1.0308263014250925,-0.6455896496254125
-0.692644839490674,-0.785398587561519,0.16436346421126155,0.5980200600235362
-0.1706999417489583,0.07878337454495848,-0.3966070087293287,0.23795816080601312
0.5378125343909615,0.5627973277839454,-1.6358483431005268,-1.31824920674284
-0.09396966932526049,-0.10244824303660936,0.12677610023362748,-0.9828164532075759
1.0908533524060884,1.1678677383692715,-0.37045969634552184,-0.6627709992999041
-0.22762994524792363,-0.5073076839290338,0.7439964102710055,-0.37368914661554076
1.0388457679417795,0.5846988358122954,-0.8275088491975257,0.7146616686666527
1.3318130765399687,1.2481540437742638,-1.7120645990093166,-0.2019203064424859
0.7276371780243701,0.8592480059041632,-0.4818794356076264,-0.49622100426111976
1.061521922156151,1.0022113812971976,-0.31537116432373075,0.34834998645523574
0.21762139711318623,-0.05618685822732744,-0.674820113458793,1.8057286223068238
0.14049554860813548,0.3035139945869465,-0.675146452078158,-1.2023664806121306
0.38584819825654443,0.34619003505632856,-0.07019817572206978,1.0672881207435183
-2.4744113427569365,-2.452330286286573,2.908539509425626,-1.4457291407702464
-0.19332189501792027,0.07739187239317633,-0.685760579961693,-0.06790950255489671
-1.5230365236873504,-1.395628188836095,1.4940964165970612,0.31955548894896724
0.17898768883322388,0.17627114410722397,-0.2829634292488445,0.29383721797950824
0.11455919200165246,0.14935808987177968,0.011366611277786477,0.46444870608174343
1.336191882469554,0.5439322599946717,-0.31699204500802425,1.1243329935885553
0.07237075639169362,-0.25045347188222955,0.1735092909379009,-0.8939867530390759
-1.4915859571364118,-1.47115913962284,0.2638789160229473,0.005350106933578476
0.7526038677874834,0.6062331338097336,-0.1073353784446751,-0.8542843681719444
-0.889130427019415,-0.9553778751862692,0.7175411939867572,0.3886343979204253
0.7787980385097657,1.327035497028792,-1.2681643527888782,0.9741137435900223
0.759307387479066,0.5904320030390374,0.3103510467252691,0.3828435494891775
0.5987722243996846,0.7310545230003982,-0.4216900518350177,0.3646412620902542
0.4866764521916063,0.5604911104250163,-0.29520323973456075,-0.21316762202191808
-0.38246302386308817,-0.7205959176545278,1.0808425461520161,-0.46440949650393376
-2.122397364609458,-1.7399569661882437,0.82282684822417,-0.5476235782302479
-0.7538185662626757,-1.1752995472229673,0.9001315891843461,0.7037368315514004
1.7056122615557803,1.7358509565226314,-1.0767272323393025,0.005376712018780329
0.6526319060392748,1.6084444853514208,-1.1492438076127363,-1.6583242177995825
-0.10899580015894357,-0.4205621129383551,0.8069939888230767,0.4583720470935733
1.2665828192256359,0.8156424716981481,-0.6972092740942258,-0.5352112798172524
0.5608344865491051,0.4998378292784024,-1.1156936436344898,0.14962613719102758
-2.137616359248074,-2.1861594527807173,1.6519279986482425,-1.4062444364706137
-0.6349865682613003,-0.2763558243661299,0.4148214837403279,-0.6006948149260958
0.136206326484182,0.18576126968926066,-0.36307627011529775,-1.1995511043621223
-0.17453071424503888,-0.38044500561490086,0.49906241206701607,-1.2178900311704424
1.0299688099283155,1.167637471489669,-1.3972461172123924,-0.7489939403229843
-0.2420840441317941,-0.10209086500517972,0.3310904746645514,0.6727002330064888
-0.36504742226057374,-0.2712472899824037,0.5131722662638191,0.9010648671740956
2.1289195804291916,1.9419884607825688,-1.3052996468860845,-1.2545795424620643
-2.487412655746758,-1.8763853626293803,0.21930459343414258,0.7303292406677864
-0.6922732370529269,0.20355485900277248,-0.5940748243535874,-0.45072034789526877
-0.3728486040778568,-0.5623128465820778,0.7041512429308879,0.5618301966215601
0.4349266926223343,0.17698296440775585,-0.05488540670513976,-0.25496358490052157
0.5683440565814137,0.025867751636053222,0.3192431994581966,-0.37331772111817
-1.1950068297243028,-1.4244288256196604,0.5910358356937764,1.3771008325705802
0.3455576837600179,-0.010216740178375788,0.468901244884085,-0.09905650216879407
-0.3726704800213482,-0.3748334598176927,0.1343643434019572,-1.5870103944647669
-0.03482525350759561,-0.12044487981828526,0.42873177834917087,-0.14362516175437884
0.4831233122497829,0.9758000998697766,-1.6604276024409075,-0.8118754861086118
0.791990143371231,1.5693545320814741,-1.5930683286542138,0.4960431961909886
-0.31236925704451707,-0.1447066098747963,-0.385208959599794,-0.07313146850383594
0.603318801524807,1.6244881059970553,-2.8405946086628497,2.420773675614941
-1.0756307977066784,-0.9458945260187919,0.15099552789115572,1.095038099615622
0.05010935728684126,-0.16933378816008945,0.4495027998392069,1.3781605070986844
-0.8216705456324246,-0.9624863923275796,0.5956326202323383,1.0676905203070013
-1.0111857672317572,-1.7746294075329048,1.606339854663535,-0.12583301873730326
0.6309110135868985,1.065971419441101,-1.2365258542727118,-2.140941814777827
0.3052083048921614,0.3081998174341378,-0.8257951723532722,-2.457583501720309
-1.2763458277745046,-1.141979935751551,0.7820118183625535,0.5989091782044589
0.6750878204095042,0.010030195640847495,0.8796439851119658,0.8087798795955461
-1.6963054092541574,-1.961722163462288,2.007472519815409,-0.5260525065771371
-0.4986851629392064,-0.7713754145806899,1.376004333791508,-0.15072254770586602
0.09413776396302573,-0.038760678482789655,0.39607679227284,-1.3798991543335375
0.9630919922594209,0.4180293870300616,0.08231075930692068,-2.1548302573657954
-0.19858755982080514,0.4266227683637059,-0.6882958278320521,0.06304940735565416
1.314944873596776,1.0496585041599094,-0.4410152270806146,0.059377809618935025
0.2754958628405466,0.235549593836856,-1.0600300144612138,1.6743949903122581
-0.9258072040873737,-0.7612409423692558,0.5497548013297473,-0.6423521927860688
0.5386957629149293,0.132276239826689,0.7322014286432678,-0.44106344506433715
-0.1139439667895394,-0.499427615610647,0.39184349160716264,-0.4326573483136908
-0.7571061920877362,-1.162844143815999,1.6209788735363473,0.07121569141452326
1.7201466919003576,1.8059948229490497,-1.015920503771007,0.0712556947344536
0.55158431614329,-0.08873431958436737,0.21263028863651845,-1.3844008425286614
-1.3189296469409557,-1.417625404167497,1.0766138259082618,1.3612851929700962
-0.24829888183155702,-0.34983095241565715,0.5877525603353917,0.38992282582960525
0.0417540191904748,0.15139043488844162,-0.7927828112462608,-0.5036767107465947
-0.14493758210056173,-0.7371547830605614,0.7440186939088865,1.1068296686406012
1.2394006349188404,1.439759182344267,-2.2644402376619093,-1.2527207724700662
0.7276666396854414,1.3548950751240727,-1.369285208712747,-0.28058976897656535
-1.6013797733377548,-1.3908230694986372,1.7572991204212738,0.46090836827713205
-1.6576014409341846,-1.3504607638694945,0.723036783039652,-1.516415028157831
-0.13890516375390957,-0.1939168365880861,0.41806570079025834,2.6357109567128925
-1.3409343812906105,-0.8146510543308288,0.7331059482143866,-1.5863587966648496
0.1138041495547173,-0.31307630835856004,0.16289716895747103,0.11838462068791906
-2.0784031052926313,-1.8883416433783413,1.3297320581035381,0.45950015071031886
0.24613579060332336,-0.3163841813589172,0.25785547130217745,0.8035857156563483
-0.8956366210379031,-0.9764250637272337,0.7745202605259033,-1.616612035504294
0.3597431376327176,0.32834681670668664,-0.3442209582322542,-1.580667627372015
-1.5676961011213233,-1.5291396917478273,0.8632765295124981,-0.4834383492675545
1.509017050154197,1.6841495335544898,-1.1646326486708316,-0.34364461794238926
-0.7548258514677518,-0.2778537321056853,0.007434232287960747,1.0873046236073816
-0.8357579063717485,-0.8017178491306054,1.0118222607201248,0.35194335144370836
0.2668987569754401,0.9355261648643459,-1.0175516646303673,-1.281336121687254
0.33099968742783237,0.6534292949418052,-0.5065164969222591,-0.43359113047614056
-0.9294160870410999,0.0802555122293759,-0.29560658962534403,-0.7699678113270672
-0.14481735327343065,-0.10840663310449969,0.1541457674547636,-0.25187085272145693
-0.8514973894226834,-0.9626805854950821,0.6253143235254769,0.9560764469765715
-0.7382772935778841,-0.34623359214766697,-0.06327655761216386,0.3810620193277588
0.5116256616160924,0.6987660390550916,-1.3880626953562418,-0.6355166728494106
-1.12194041215788,-1.2972510498838035,1.191277602698719,-1.626549362381955
-0.013944941883698637,-1.0212684200132147,0.920380572399139,0.8499518612585937
0.7264053883656513,0.5733182609923092,0.16522467755115966,-0.4651516219210996
0.36678683693900294,-0.5937402928362979,1.4588250006514323,-1.2302561373671625
0.7795537549358872,0.5513540458149502,-0.5980773219309711,0.34074037796118806
-0.3598142134439265,0.22610620615681543,-0.44682784736744147,-0.6109163292058182
0.5144490546633715,-0.04653100613436421,0.1181396425694751,-0.062245339350661746
0.5815657661780732,0.8287897929522045,-0.9298882648562682,-1.0165773672072551
1.5785770300318,1.531734296765407,-0.9250480231575807,-1.919515145416312
-0.5030345219656462,-0.8651013779970249,1.4387782217249334,-0.46441004620293935
-0.5105905706055257,-0.5052176963933476,0.3523558256906083,-0.9431602577396834
-0.23527883093223645,0.19740658648394416,-0.16918450717346287,-0.7660200578319356
0.033386523978409244,0.3044096788371915,-0.2529790390334623,-1.5309689488965406
-0.680876630034553,-0.419513340970474,-0.3036578334192995,0.9480771601859004
-0.9517908035658095,-0.9244589993006082,1.0693142446503658,-0.21916390105109823
-1.2028027778734722,-1.5184713008328365,1.1939729853118335,-0.8504233790925453
0.3957926143834278,0.3281442123630593,-0.774642407727464,-1.7701816208379417
0.5443624475536661,0.746032543770113,-0.8883612481121184,-0.8701496568473619
-1.7262924473268495,-1.8631716492324548,1.2268817905373677,-0.10529908533506079
1.111865644168739,0.6774307089098968,-0.33653175314427947,-0.7403868488150671
0.2396524289917823,0.27992878740844557,0.2957764311430278,-0.7895082612594856
-1.4895997509946501,-1.1093263345283653,1.3206269414869165,-0.8381433018272834
-0.9467743330322559,-1.6189924312391866,1.316111122383245,-0.8246521815413443
-0.07530341206544396,-0.07070085472139735,-0.7308705723290709,-0.7958757319473119
0.07259836916034082,0.5087227136364607,-0.22992944642732016,0.1952503788545484
0.19621139000344898,0.29545303947512624,-0.29464989422688764,-0.052268057663674
-1.1033887643885056,-1.259729829084961,1.2318396413197212,-1.2359243339125865
-2.0029917192218045,-1.4304896780559893,0.22784015931925242,0.07881133097419724
-0.23520369719586476,-0.6508704075619738,0.38462553638679975,-1.3853525868728687
0.16158833577850287,-0.23175838406129412,0.06933272109181099,0.5625121816076301
-0.33792150508924607,-0.21436403154015618,0.32754584247036617,0.21062951721165146
1.6027745638839919,2.0201094141530365,-1.6874357270990734,-2.063301733941641
0.8793558373909142,0.4771984334435741,0.21852615897407995,-0.07922666322073392
-0.7486189158817822,-0.6237342217976541,0.7648738526016146,-1.215410201069194
0.042592963675109605,-0.4141409359041894,1.0880184914185071,0.6205803240650921
1.3413821912511394,1.1996952436812252,-0.3763115335013699,-0.4543320393219409
0.7267956830413269,0.04006804571996346,0.20892952151474758,-0.009972540556084666
-0.16845919790757358,-0.7482213340678298,0.785385577455573,-0.045032179997339786
0.9098471271404155,0.9648389599462099,-1.03921865319715,1.2554035049782015
0.5279523106497436,0.6253153331645372,-0.4456643110992532,-0.578541805853553
1.683465330312012,1.9962661936398618,-2.035825249074096,0.6351992230699476
0.8038266236949008,0.3868519459066206,1.105750456540057,0.5197321922370317
1.1317288134060424,1.9952700144496336,-1.9453146441954945,-1.1692727160668057
-0.33098425674150006,-0.1432000432671319,0.1183389659978472,-0.541329235740894
0.1549019297205402,0.03531594284917395,0.6054145475070104,-0.37614257779516624
0.6751428951749457,0.7618072205713863,-0.29601666631355583,0.4358551476622981
0.37094488971334044,0.3759127529498557,-0.040681073372583414,-0.5297720617241266
0.059439701823726133,-0.4550888075058512,0.20592640628695927,1.049320885195771
-1.3357217918927622,-1.495042127500046,1.4998861264118808,0.21406182880028782
0.27834502780024695,1.4182842995618192,-2.249154039603643,0.11557262855784159
0.5125101463365785,0.5390932459091441,-0.7668787681357968,0.4607853145335098
-0.20805053485030092,0.3365026947976847,-1.1236998467178752,-0.013927602473148821
0.2133624513155639,0.20920174265678737,-0.8410094096961144,0.0004912943493557447
-0.06162980998426807,-0.05238460396258513,0.12589282203107968,1.4823367347908711
-0.8072796044018554,-0.3252606177293876,0.33585607319644933,-0.6092490689336558
-0.3519940230272039,-0.45020536059176786,0.9407625898947294,-0.21060247480480923
-0.1699163123011925,-0.7421341337255771,1.1941306585564333,-0.07861333407931236
1.0289534627290973,1.090742486642054,-1.215687745042711,0.32273358975387206
0.5551888979951256,0.7299366959505985,-0.5289551480017043,-0.8196727335351377
0.21379414619722373,0.27547050988325505,-0.3046229391567607,2.605500183596579
-2.3443173891357936,-2.290112034436124,1.0923654345616292,2.1721710200287556
1.2778753470541746,1.1925828841844404,-1.1677286447353485,-0.05850103284224993
0.8395439419591522,1.1955048845800782,-0.4252395617673483,-1.4818968923378315
0.011914200179907726,0.2601527930785776,-0.7359988355861509,-1.0797875989872432
0.9629831446293703,1.1712142346915038,-0.28323552019294695,-1.6511494760823444
1.0977094170005348,1.156074539229227,-0.7458233604256325,-0.30184637426843003
-2.5086099346022346,-2.315458367648097,1.2451697731676,1.01910402476805
0.3012338646527325,-0.23752456585313497,0.8523993742685465,-0.11411983205197769
-0.3839064058798226,-0.45287304609554024,0.3413587424629753,0.655726762259506
0.8583193488843025,0.8073505783304064,-0.6610530220576891,-1.3899670590103619
-0.9566029646109544,-1.1578125276582933,1.0598474230927433,-0.5678374256874092
0.009333017050543076,-0.3381779584615819,0.6041031823423438,0.6623216583545692
-0.8033338324274215,-1.560282626665204,1.2575879887133476,-0.1724329878464493
0.372814454823486,-0.18974543445908226,0.1333045681972003,-0.3531764526957073
-0.549434389016723,-1.0241444275864273,1.181311048084188,1.9399522566022098
2.5313797464004852,1.8850818624767962,-0.9907534662686606,-1.122524509076372
-0.33770281728315954,-0.11411327006840832,-1.0631691517224575,-0.3698229617663894
1.907948452047295,1.78536575273199,-1.8971565547513354,1.7279818588039777
-0.31305325417196694,-0.24998914733909008,0.4193281721724842,0.27526125459390977
1.026539354303313,1.4646835233528512,-1.4612123779662778,-1.5051796374086883
-0.523864956309578,-0.5400670557678934,-0.007867659933392775,0.00478020569261378
-1.071268401319049,-0.8350295175456958,0.5606651343828495,-1.6614547278804424
-2.2306977707327897,-2.180338007511288,1.0470897492146165,0.8766885897754445
0.39280393831860977,0.26555418558348376,0.7475281715509298,-0.27595168763611516
1.1189402924040404,1.4692588816854704,-0.9233991665003389,0.5484929633408355
0.6562364770358133,0.8619483849047492,-0.7217073540599134,-0.8599714720398088
-1.0970468166266532,-1.0200099954008695,1.5557836425739,-1.1385445902669014
0.8557592509110422,1.2427015763362603,-1.5532103514610278,1.4990902830404278
-0.05803711463558065,0.09911093169488006,-1.1592378682748905,-1.1227208137446525
0.8987739917382027,0.9619392149701869,-0.8471027107809112,-1.944745849018242
0.328551523438391,0.6630769757570087,-0.40778171039732924,-2.3710768995240366
0.6290868045483547,0.4204422898418794,-0.3522327551526447,1.6551906755197856
-1.317462984148648,-1.1828879750163908,0.7161482634200604,-0.5037684452107024
-1.3991796882481318,-1.3072739703705523,1.4618936132807625,1.3887425642654814
0.2656014702677094,-0.47576822059296786,0.856878308218071,2.1166210442098774
2.2327626761871935,1.8630058764650654,-1.1695716324522991,-0.9248177668445596
0.6024658946692091,0.9087606662128184,-0.8439293599641313,0.3843102882567858
0.39431508212308836,0.7892085998223272,0.10708973292302822,-0.6307261977507435
0.873829586416274,0.8905046611445135,-1.4638705355405583,0.052948239230751405
-1.1645633151485535,-1.3797155365959355,1.1591207337130793,-1.3107071777484383
-0.6801377911109147,-0.014641993174518803,0.26121869334653297,-0.7852487062449952
0.17012847752997337,-0.1805382161942716,-0.3121020856982334,0.8414652252224468
-1.2768266290127634,-0.8176471445880856,1.5169262491134659,0.8164448707339439
-0.2025281933758545,-1.1774215835628565,0.9249835438354863,-0.43280521071606454
-0.20554141555942487,-0.1811297997263635,0.6458673691624759,-0.7173194869661498
-1.127865027576574,-1.9434165268842194,2.1858542241197423,-0.03688259309936453
-0.8420246626676675,-1.2031132706181584,1.607170966573969,0.290799690694562
1.0563732596133646,1.4152768918283418,-2.3262184519075446,1.6467522189439188
-0.3898299755837789,-0.7783376812161203,0.7105112365980492,-0.3026143289137897
0.15432418927749214,0.3944360325118432,-0.5822303686300884,-0.09278939335338818
1.0704333949901825,1.0559813863776888,-0.8363588936674481,0.5635769245012856
1.516756045113867,1.2743276577837697,-1.2986256732432409,-0.7415916389690348
-1.1917479585300914,-1.2944469994625656,0.44382701013614556,0.5570944256511882
-1.3277019666888576,-1.368034298990775,0.4575449249284027,0.3610962448944076
0.8186870509606222,0.8744489371823211,-0.5101579386599451,0.2558144768124415
0.7251123614283869,0.601686600906096,0.39477693586864726,0.7268302385720187
-0.5151225895653332,-0.30656121581022666,1.8018071784041387,0.8605833928106431
0.45244585237872464,1.0396280720565114,-1.5103025055337695,-0.6593767120536677
0.16833464773516338,-0.21595770093351152,0.29379316829098334,0.3785373920476381
0.23854751064544683,-0.025985309765010674,0.2122705934414,-1.4973759768078385
-0.007531406488527794,-0.6620874677535945,1.0355169956660562,1.1638707591291437
2.290600440901802,2.7359145349554974,-2.8041299742525454,-0.5328464902203016
0.7039824034350818,-0.0430085616150716,1.2286992629291735,-1.5790243242669397
-0.12390802612657519,-0.095483660088677,-0.2774938688730368,-1.7598955039956596
1.1687536479710785,1.2828124049504501,-0.5988163007885426,-0.9900218961748748
-1.2477830716005893,-0.4629195826203776,-0.5179536124755654,-0.7553661801373488
0.4103606079235561,0.4136929925672869,0.42711429984278476,-1.0121834255534516
0.3231399185752403,-0.31893550255872344,0.7664803922673002,-0.306636980522738
-0.07927372940582465,0.10551605076154685,-0.03171943370204044,0.40882329086260966
0.6037245849378395,0.13323349915784471,-0.4410409856379818,0.38693490336573905
-0.0792478711171025,-0.16126931761861482,0.8830715870263978,0.5581386233232963
0.8789268462040981,1.8757825675298576,-1.908477388936168,-1.3639082923709205
0.061536873794190074,-0.07614821072534814,-0.10448546749794589,-0.4836270304730036
0.1383275293183681,0.3235163730115253,-0.6697370990643282,-1.5099274530114313
-0.6166292292347128,-0.965384711982803,0.87732812046802,-1.7250317458968174
0.46873680638869847,-0.8130551370398847,1.6972411421351736,0.8068987738584922
0.7566155597358785,1.0266610508653675,-0.3323937129034234,-0.11082948542084985
1.2140398395280076,1.6165005650280615,-1.9025149415856109,0.2951387247138003
0.07943714506042428,0.7418554899284854,-0.7182071155702172,-0.23902723096995637
1.313083904941423,1.6312141493570718,-1.1391274299591738,0.1156444415178324
-0.1453648324128474,0.3620163400489163,-0.8405157736232463,0.6074313282861872
0.8219633919978989,0.27291448644114186,1.6160338560178886,0.45582737358290853
0.21136254466504625,-0.21921748876463637,0.9762777621626805,-3.0554138718940576
-0.9889746064156771,-0.5899962269506366,-0.0017591297869238947,0.6992902969452635
0.11032411474587593,0.24726560243454093,-0.46258159299067664,0.25771951486235145
0.6479988260040777,0.39874120942927294,-0.3833098661956486,-0.10118098085425606
-0.6413445834017071,-0.008893304994272187,-0.35598059636693136,0.5180547191291935
1.187416460288312,1.3969006434432052,-1.131798730345553,1.655217608074807
-0.195932181521471,-0.4390361862566363,-0.14571429916603368,-0.12094428364323215
-0.09660168079527086,-0.5082027372498833,1.497738729966464,1.116896574480542
-1.4200370549143613,-0.6374193690132434,0.4326217737499153,0.3983977800620745
1.302365855518262,1.4848909375248898,-1.2811612365615723,0.4333619374599824
0.6592880653534826,0.3933745404779857,0.09101016061241544,-0.01187792694470957
0.3409889612916154,0.4771155204135005,-0.011445225622175164,2.223354964690886
1.4220257451645444,1.111034814265279,-0.35574982245635384,0.379938733069504
0.899924682245003,0.7512302421856,-0.36751536772871235,-2.3711939059828566
1.3002395805723954,1.1659354195706668,-0.2996257324112845,-0.08405214227242146
-0.9942228344358982,-1.0345420329661672,0.5091845234834688,0.6646635088987705
-0.7638695842666989,-0.9314657998055083,1.646605699324436,-0.5420282639383768
0.263476314335338,0.40804539701475057,-0.24384175799560526,-0.7223367995515101
0.5924437810355307,0.4105625060819155,-0.04694720471469855,0.20486513460278752
1.574312666472817,1.8863386203171026,-1.3541105262068875,1.3940687893949597
-0.9762306396767858,-0.7714848969472128,1.718129441189452,1.295275137604981
-1.136743921320739,-0.6948498561593862,-0.49236710264959593,-0.5404378906593132
2.1653818572733337,1.8016379695018498,-2.0302828445579895,1.4878151591393354
-1.8617436069084812,-2.351773525052239,2.185050228946138,0.0741484409385206
0.4286001462264569,0.049780114731994785,0.29066892354197144,0.39880449094555104
1.2972202313251149,1.5185950543455902,-1.0603996067300785,1.6296954526328926
-1.1295435397108478,-1.0822035711879303,0.6801965694492309,0.6931224608402271
0.12062545530768931,0.4945255748252202,-1.2484313369744529,-1.2992066737572971
-0.03209499132610536,0.4550814136648654,-0.39272700924190984,-0.824558350747326
1.375190373552582,2.2749727288453485,-2.7324260560351146,0.10784921105699886
-0.5959757498308216,-0.7004728580954459,0.9170298445714908,-0.936141300487024
-0.6085123611349376,0.5012808834443301,-0.7140078521159081,-0.6595127378915573
0.18894134250579772,-0.22529900209720807,0.5282124416055598,-1.104278444373155
0.6758781574036227,1.3228297129337792,-1.651392743126018,0.49435853482974884
0.24676661246487705,-0.029065126512658617,0.29697958615742137,-0.4839998052140891
0.5697540900855447,0.7756028300170253,-0.5629551667506529,0.13729823774294309
-1.4564387081199437,-1.351168270057851,1.231967560597307,0.13295213216629131
-0.48781803684507735,-0.8937670921365718,1.8337732507104434,0.5440095503878681
0.9059525357050375,1.3371290651502317,-0.9596004192281651,0.016972423821912577
0.7236083744458145,1.079171834844017,-1.1151151569390625,-0.9919206222854658
-0.32258590379400076,-0.06084305971407013,-0.1629715273231736,-1.4058530599850227
-0.7940769476899562,-0.757253934496843,0.3402528953617991,0.36495878221783074
0.036286958357571286,-0.2302413885301597,0.016335955150220467,0.9298869736758446
-0.2585782676731714,-0.46486520474208,0.7185035563270773,0.2970910343917515
-0.2720473540070008,-0.31166013549194577,0.03940852272235623,-0.5484621252000764
0.6599064485061187,0.18507882187680172,0.3095682929542822,0.1769498410378251
1.4015142890404693,0.2383188402819049,0.4325771491959899,1.2940013737428568
0.12033556230372598,-0.6082870155355145,1.4409955520990556,-0.6599806818023677
-1.2577464799536118,-0.9303716725489994,-0.06132889719629542,-0.8348821273702337
-1.502770833780031,-1.675566666907953,1.3891780642933498,-1.1324164478082643
1.7359548200278148,1.585416050589219,-1.5711365306935183,-0.024399701755698274
-0.3620702009088053,-0.8996359574464798,0.5918304032973589,-0.4518049475930273
-0.6919501860567988,-1.2066365591160129,1.1879266941070328,-1.0711067245012786
0.2191997217600039,0.0874584212713916,0.04490314690171318,1.4890709046119708
0.6246341555065675,0.6878055574937829,-0.3146180749691304,0.0032985099592940516
-1.4056226761140633,-1.1678449762285954,-0.016959600751942982,-1.0679038124393472
-1.3850471485330964,-1.4305104578518808,1.8292496168490469,0.5179522641538243
-0.3070490957692154,-0.2022966124553607,-0.3351107092387016,-0.4710845155435925
-1.2595688420144013,-1.393239020111052,0.8154800151381648,0.2332342638939981
0.25658749323035945,0.010402764516021281,0.8398831150100127,0.3633105260601389
-0.29685599339776036,-0.24778805796077324,0.16312054709510315,0.781110946136533
0.6138888098411507,0.5044189346138159,0.049107167806061995,0.7854209429107928
2.6603009436708556,3.142166696434625,-2.667362643941255,2.7795431955655148
-0.012228330540486644,0.8360937941081467,-1.6795031126982816,-0.12869779650686708
-0.2659486245971405,-0.736398026352712,0.849623972931152,0.31549653885471596
-0.07236182363018681,-0.3227714323911191,0.1565862992829388,1.8046457802394305
-0.3699180345971555,-0.5711996549959697,0.9435103831786631,-0.42429946395155027
-0.3474217529995526,-0.38145203469243405,0.0551020586142573,0.07393327150167579
-1.20717677642335,-1.6102950390991682,2.407794347868055,0.1879391434230546
1.4188132323346698,1.1620140628225653,-0.5621445904472822,0.6085235561894137
-0.5902666496026333,0.052097876613970286,-0.37679687354315755,1.3342591591061777
0.5860266663078638,0.7577645785573662,-0.45995729129384927,0.600396398311874
1.3036918402109194,1.3339713465394376,-0.523685327153787,2.1832267102547798
0.8406041746249518,0.14077753621229303,0.8551429142488847,1.074894906941118
-0.6763222771625884,-0.7116407699112347,0.15035601326074707,-0.8971677038301717
0.05507151589341369,-0.16538014327622316,0.08931326878679889,0.31316488891728744
0.4663433674415686,1.0699957981345267,-1.1302965465805954,-0.4684110416420024
-0.20027290545765217,-0.03333663072651245,-0.44869371607809255,0.29406004227804294
0.2904046782183087,0.2677942690202918,-1.195944919984999,-0.05569725640566103
-1.2187510916932056,-1.5341389467388242,1.7352992400797334,1.608801233401002
0.7516308834360691,0.06970416241207865,0.33937608394584867,1.462500800597403
-1.7171114845441737,-0.9092119484656654,0.9037723990791274,-0.33739981778601447
-1.0495722277363204,-0.5808862078102512,0.1117677892562569,-0.01876268207255746
1.854361304468792,1.338548466538632,-1.8291830714014656,-1.5041633369387577
1.2817550543672673,1.0728092833377345,0.4523541545161714,-0.9297554391116273
-1.5319200139942601,-1.0953128681725997,0.8167698339249524,-0.12582366239658477
-1.070056143085672,-1.3253116899415394,0.4524259251836262,-0.15889692427398505
0.413225487472349,0.49152114049967643,-0.17081590467192495,0.28751941926366964
-0.17098501032921512,0.1663638755306823,-0.8689689581444839,-1.1353626816653042
1.6007524606447565,1.880088077113692,-2.0844892658929197,0.4675740682911845
0.5757141595478666,0.8711291060943446,-0.9005091660644635,1.7187806355670703
0.6661435171547129,0.5186111137719586,-0.03847047156700742,1.150730294784686
-0.41652112728820645,-0.02457712391488937,0.054494508498895915,1.1310831367162637
-0.1756854488326507,-0.6562392679571226,0.2205399344964276,0.1367943426136129
-0.7582533546866584,-1.0361502278668844,1.892985534722495,-1.4100387915144879
-0.3965415453045313,0.007793679133936823,-0.9209211908975199,-0.4039088466941946
-1.090067659311232,-0.9861254220539489,1.4017220232321785,-0.4360826970512983
1.572628623942707,1.2558550452065942,-0.7938557085765566,0.20842242759350213
1.7101713272323802,0.9207732928313114,-0.2471273010147531,0.7124550148459599
-0.029632864390357155,-0.846885060425177,1.6372748146247966,0.5622104370369229
-2.1878371006610577,-1.7362007572991234,0.58618412267736,1.6619370010220558
-1.183235585007849,-0.9305720729477536,1.603967324235287,-0.38528736317914825
0.21897259028619703,0.8507745561477182,-1.306324195260719,0.40679849575603677
-0.7091156575757666,-1.1449984781386693,1.0723646820984283,1.390929130979398
1.0322995259668275,0.6962287423169802,-0.8857939830810735,1.0525666909696003
-1.2320681136104585,-1.53694425569071,1.7208355984677688,-0.3002495998951041
1.963689935784231,0.7024911920237479,0.7197989863366574,0.0866220433864157
0.9731003473892995,1.08813757689571,-1.1570283438460036,0.8886104724805909
0.8163454691700638,0.6102219890243171,-1.1665593854518848,-0.5219450007506149
-0.14264104977758285,0.08424269478300386,-0.422877046583033,1.198290249299836
-0.22927781517869106,-0.8209376150403915,1.2320201010333778,0.4772616157056897
1.4084059330458731,0.8527322822661786,-0.6997552244560891,-0.3853904836599727
-1.007663023208108,-1.1262817984684959,1.4470180201058904,0.756190470743452
-2.417057076523038,-2.7465265530642604,1.9130922950632958,0.08579747511026592
-0.41206055281896087,-0.6604320604686177,1.926639450758654,1.4211447804242583
-2.1865267319850217,-1.8551428175524651,1.7463092511231582,-0.13317095135728818
0.1693706971114532,-0.2815529031529182,0.787922559965623,-1.3073564328776712
-0.7860153830042114,-0.6598539329029324,0.6065454206395146,0.003571571119906582
-1.3167074930828409,-1.433273034596823,1.0954207533646065,-0.12903456152263554
-0.9098865400529137,-0.6924547391594611,1.426587218417572,0.7292641321011347
1.3187094853405599,1.933694282208889,-2.5068357988749495,-0.48737675863801716
-0.6061489553712347,-1.0665089129833594,2.50810827007752,-1.6200966629883753
0.19610882053951414,0.6754654406626103,-1.0517968517800258,0.5247372714258913
2.2400651003452037,2.007731383274579,-2.066105260139471,0.4897143186596848
0.6083732111030369,1.0598444338603117,-1.3801701032333333,1.227312240708927
-0.5062408866189534,-0.9215738374371019,1.5290442249285667,0.24896655308646368
0.5415793354750361,-0.42296261357651127,1.5619126487301018,0.0988526675923666
0.605687715269563,0.24643483440598168,-0.042068175491930725,2.179139068325715
-1.1269598591636956,-0.8956784805198028,0.674799556739128,0.2715727324467147
-0.7972100593194736,-0.34460549116760314,-0.11750648582115084,0.02669250022544617
0.8107472558969661,0.6119090642491637,-0.1161252130995852,-1.4910140850068094
2.0674815896425205,2.062086236983217,-1.5796941943239602,-0.006684318348350747
-0.8871629978825881,-0.7187950595177275,-0.4979956606625793,-0.01948126321443953
-0.47113347833434044,-0.015052689839402559,-0.29825650433252765,-0.5187346415184965
0.526141807343202,0.045566849426266445,0.6197010188633725,-0.040312412348710094
0.9169456320243202,0.29573469589680085,0.4089769097172926,0.14756854150849757
0.24777197745626944,0.046025722732448454,0.35276528426887527,-1.046941651022533
0.43322709671875814,0.5100169329208013,0.10817991185255837,-0.8571549321465874
0.5601083055825584,0.15673784749402792,-0.10138103884313164,-0.484205121296373
-1.2653513870306858,-1.396127625224922,0.09459028760844343,0.21100898964109666
-1.3143530487477302,-0.5705939039908442,0.2464802718182456,1.2037304259792552
-0.4754807415560513,-0.2507748165229094,0.2895834612749504,-1.102637156796484
-0.5168843573579021,-0.5893154667208432,0.5710427320397072,2.124178373761309
-0.6628941639330955,-0.8579864095028924,0.5755655977892411,1.887179761315291
-0.4648752650872313,-0.16674427030546543,-0.47004413116452676,-0.1859013036478083
-0.43419896510506306,-0.8628376015753771,1.5813865731032295,0.16656782501938416
-2.3025904452877906,-2.0100021034166007,1.5984894399300869,0.19527129998787346
-0.20202820529776802,0.6450875308001749,-2.084263921606795,-0.93964536925634
0.4982750139770411,0.8610918803238217,-0.39433713731569303,-0.47373960012893135
-1.0330303199129731,-1.791339871393182,1.6726971411022753,1.1800542803859588
2.556264160381755,2.4722427566941407,-2.598326479036657,-1.00185407577366
0.5664500481468296,0.6608688380985638,-1.8016880155955484,1.3966912498237607
1.5782913602451865,1.623509933441532,-1.7119819080874517,-0.07284199080711806
1.253627092673374,1.3306110787344088,-1.2025212128937963,0.48234187068883577
2.677820323752513,2.369995389094737,-2.2073157880006837,-0.9981518383003495
0.005083173382720272,-0.2069694968456513,-0.10542676204555096,-1.0529241093922537
-0.4448400548319238,-1.629463804473347,1.684467260077316,0.5814405918263065
-0.3818398935964981,-0.9997410400541917,0.39885892535549766,0.46668566672385264
0.41255737893094707,0.28158819442449373,0.38400236454035197,-1.3344828783796394
1.049711848768362,0.2471948362877618,-0.18953093756013278,-1.9761429823351448
-1.6550638278483716,-1.0891609285464163,0.42653739932555834,0.8532429948658928
0.2582738704753371,0.36323069780924705,-0.4366682546789695,-0.4480521558904186
-2.0746626233507723,-2.1003199914774418,2.0858675880993993,0.24542413816968314
-0.26439597873149234,-0.4155533722741261,1.706782793283251,-0.7830085988815061
-0.9657362416825387,-0.06063423744818142,-0.9471706683162889,0.16440275391076722
0.6451275609775833,0.7225032252434084,-0.08383721768340542,-0.19971784204483295
0.6509377345352672,0.7929022050776451,-1.1145258656796402,-0.4421382370242254
1.1107570960866182,0.7433790084039403,-0.6006355853466898,-1.9200805007403194
-0.619333381708086,-1.0548957029991877,0.9822862284958628,0.6116406939986795
-1.1241827946105099,-1.274005444564371,1.6240691562402143,0.2441270281227302
1.1432461230816682,1.328865810933857,-1.0608603903391356,1.5395885432519671
1.1101257517240557,1.2485723008312721,-0.2629409133175519,0.38939942448277326
-0.39761860036690805,-0.2098007579382201,-0.6570596342580908,-0.6699535964260788
1.8884113854438076,2.029270565994934,-1.3550647730441259,-0.18855484208020712
-0.5623590595912504,-0.5718210922243806,-0.5273594467300408,0.6124985222945437
1.7433146228195209,1.5255732352186893,-0.787169346921586,-2.514119685571696
1.1441016713589298,1.6017799712348337,-1.8059492193230862,1.8340493973092207
0.04447030149076799,-0.00983051404966082,-0.1700620084480612,0.272629997872291
0.7183413156196944,0.14163388949333716,-0.16460994116076494,0.32634359143988795
0.24756353794138503,0.8983911962840334,-1.5874565115676988,0.7857633725135491
-0.021256072866582203,-0.4464967272392179,0.35061685010212423,2.2292239342296427
1.7635311411186028,1.5653781264586295,-0.7007547225195634,-0.4033274154754553
-1.254134176173902,-1.7736994743950947,1.6785993821911114,2.4769716343750647
1.7825734598738887,1.8094827833224283,-1.2256920983611064,0.519951530303008
0.5072717342319589,0.7079746120069094,-0.40538489238505254,-1.0778595989660944
0.5496958895615109,0.32180928222603583,-0.3201380527986023,-0.1755767154775797
0.7922071630120415,0.754294611044043,-1.1238775081624273,-1.0470178959691074
1.9299570231098218,2.474713295800822,-1.8537974720210209,-0.4673306496830517
-0.7223295224889023,-0.06923742173477987,0.2512435615785848,-0.8491169197199525
0.34677033161822746,0.4434670280021224,0.34320432034196013,0.2764409880816202
-0.14719758778060163,0.2220945334355283,0.33324526756059636,-0.6492306097544722
0.9513307325795937,0.566967445825843,0.11676045355623436,-0.3550333730728022
0.2900326976086625,-0.11633186437377609,-0.2965759858766235,1.0406764676857048
0.22405192645054875,0.6002317194567195,-1.6299340100087645,0.0766535598748071
-2.7988198678140788,-2.7350846810610134,1.6443472247485729,-1.212974474225823
0.13649477317525974,-0.25891561967393256,0.5696328881866279,-0.5655461232567557
0.5466156583024836,0.627013091399591,-1.5461128934712771,0.22704182814024998
0.07615458519298862,0.4557885475231252,-0.21686882646965047,-0.2273683642058708
-0.6424457407911033,-0.5593516430832689,0.39316989714561706,-0.6610970096470521
1.4609053816309943,1.3202482090372216,-0.7984821241291619,-0.8384293505119268
-2.157372763472646,-1.8937252193154221,1.2873093507749316,1.5213894036017732
2.634768393798215,2.405631919080614,-1.3240573582572308,-0.13633525376307004
0.5586682324068096,0.5190191059462197,-0.15521771813800503,0.8453038673779714
0.7177511463715919,0.24375145541630325,0.49284093936726503,-0.5189972702281574
-0.9515386750013921,-0.7966374175495966,0.012782574518605013,0.3181899834417593
-0.6138608243321766,0.06939099859750626,-0.7591269810015697,-0.03085860845860517
1.0585243458734896,0.8334124506624505,-0.44068202194606754,-0.8907949380421823
0.6526360397205393,0.7416362985227529,-0.853743359881269,0.3611670679173476
-0.4403364290983512,0.2029035860655196,-1.1005000740895594,0.48222147827934475
-1.8493576509441922,-2.0743853224351887,1.9862510520109489,0.6925447059742902
1.1624500320934674,1.6259798528271785,-1.1213246877302323,-0.06075129563971256
1.093963949533345,1.0787546845125424,-1.1829665910968963,0.5641408906692313
0.4560059283275791,0.03107370176211596,-0.4131212424695472,0.32551795260728983
0.10560256670757526,-0.17822097506538237,0.49620345944029426,0.5226686583871509
-1.280230831961684,-0.7917432938712251,0.5146144272146742,1.303819841480899
0.49338702630409065,1.0748541422295483,-1.613820047314586,-0.7134638786897189
-1.6668622214620596,-0.8200979819853497,-0.6650200494000835,0.9408472310383122
-0.5235158090400046,-0.7196657878296201,0.7780713856366428,-0.15182318017076532
-0.36281088246435755,-0.4634369362998033,0.9491329145223748,-1.8217366858431976
0.46557150343873577,0.5351588493682065,-0.49182323084038965,1.3364912363980812
-0.5954812469710525,-0.6460579736868132,0.843405894887998,-0.8347470548841132
0.6739631417508483,0.4895474467942374,-0.028944461289521856,-0.46181831577194143
-0.31628031568429327,0.4069322178965595,-0.45012143698650053,0.26725910239798994
0.17673540330123833,0.3766947310569982,0.4128399800064767,-0.17688689705326996
1.1992041495602772,1.6328387818757506,-1.9313377671718888,0.5643055651244884
0.6769524422264513,0.6172448075608999,-1.0554509383543142,-1.1516617565295215
-0.21501293410613784,-0.4906449080193229,1.0166638920242235,0.1746106879711787
-1.4484612746829795,-1.531292178843013,2.0379028032318636,-0.18921466906257595
-2.248230170023445,-2.054618347573231,0.9694619031502997,-0.8992869807994193
-1.1750576629710643,-0.8098943391046571,0.9721505763599303,-0.13659828010790942
0.06846046480310908,-0.09715327603414649,-0.16697208492439083,-0.8720509644832698
0.3272710102913472,0.9139102266262787,-0.6076364943041823,0.09032724334506695
1.3930381140289358,1.103100601612601,-0.6674352735527922,-0.46919219370292836
0.5077256270152593,0.3614437636061152,-0.6422649903645351,1.2712906958949852
2.2425585757392157,1.9621995971054644,-1.5655706493460886,0.4984635081615732
0.46116677191041844,0.5715479501240176,-0.2716618597478861,-0.16395162019443582
0.507681747699357,1.022580990311597,-1.3748405736211498,0.107268069430854
-0.6478819563586246,-0.03260091145707181,-0.37765907403310395,-0.7241772107371811
-0.6538715852622489,-0.2510198086484754,0.270904510622798,-0.01003967463994066
-0.6114159884405053,-0.5280971289518367,0.22496612257633986,0.8314908767160968
-0.11284570882904574,0.30778377692775516,0.17251910991896466,0.7818649347827908
-1.3728578404621004,-1.282402585794392,0.7920829047474134,-0.6636349820392259
-1.7932757648331166,-1.3329338847877177,0.567651249181075,0.7990699098293531
0.11599636469722568,-0.04156538466838443,0.012017668444484124,-0.14624942447751596
-0.796747603071659,-1.080065529596164,0.4080736917041225,-0.8954451534939091
-1.1617040347761836,-1.1025110116668801,-0.37784200324893946,0.22232512147800873
-0.7171050063788624,-0.7313759577424863,0.06479081420594109,-1.0510531866836756
-0.5811150355107356,-0.687177501617725,-0.2990348254052874,-0.273366232504743
1.5874603761265487,1.4654145755031196,-0.978909129954233,-0.4185136619084642
-0.730464464936923,-0.6994722680563353,1.0354342194788164,0.3331965087320799
0.6777116877553696,0.7798048690270424,-0.5611744822278284,1.3201210518007096
-0.7493414959407334,-1.1161847616261211,0.47542147253812966,1.037945632211484
-0.07747381537068533,0.11073913757306265,-0.23337310772166323,-0.8518104427788722
0.3451141398889033,0.40381067473171284,-0.6556326280865599,-0.140896743243032
2.0925613087837527,2.013987446631133,-2.1851341470081693,-0.23578706429728435
-0.08112752968408195,0.4985630761394019,-0.7392820146648059,0.40741820172574034
-1.622510766932481,-1.3800387119136412,0.08181972012311954,-0.08710131747210818
0.6455887358566832,0.5651135921756338,-0.45019849858929184,0.06507529314912948
-0.408367808929734,-0.585674082481675,1.2616916048392977,0.6427426493718349
-0.9137333054693763,-0.16444656126583118,-0.7938893266377843,0.34359983034544633
-1.5708376447415895,-0.6225159544392949,0.1774504150965699,0.7440317259573159
0.8404267531476342,0.7274993742424676,-0.2564008663829812,-0.30129668993651487
0.7136882591665452,0.49090291288520377,-0.0335190786916168,0.44484532905468305
0.29081496837099535,-0.05562584240203614,0.8145154396746312,-0.6234736780353773
-0.9634884699633143,-0.8869021692140823,0.21681281981109923,-0.7543615522225305
1.939263518400759,2.2163013093698156,-2.09847052711326,2.2894033519778616
0.9526677732433966,1.020869634215051,-1.1002872838383788,-0.1639310977793862
0.5482769717430633,0.47647125917799976,-0.23248935100427287,-1.028180555058269
-1.6170742209372497,-1.5304188377096821,1.8436450553579897,-1.196624758845673
-0.558411817671439,-0.08110663094101099,-0.8897019358390433,-1.6147246013392238
-0.22778031649340988,0.4669107444542647,0.19882781520214335,1.7307763301974293
0.3235275187585382,0.5771249255798087,-0.614051482318205,1.6575755809402881
0.07815294807019453,-0.44698119214753285,1.0026662353236306,-0.29677527162387496
0.850845503969208,0.2601328874764884,-0.620055269065091,-0.13251048724390566
1.0727892285356448,0.7169085517413162,-0.6900674189284682,-1.4795383006734903
-0.3798725824088882,-0.05929396269660975,-0.02786438766795705,-0.7316465048626716
-0.18511998812480954,-0.6089959570912135,0.5364638956857628,1.0980730201897941
-0.15266359397727267,0.35047575466077174,-0.28679937742882045,-1.2472497161292333
-1.3075240265772352,-1.802943042646696,1.8119795184816945,-0.24497272092199107
-1.0434035818731648,-1.1295729004293211,0.45362913602600985,0.8439823253891308
0.8673036746492295,0.9074314885721828,-0.7426195777951686,0.18941485919533732
-0.029405214215657234,-0.40635855164262036,0.8458504897222989,0.16576858719118392
2.275655942201766,2.0616362431188673,-1.2759853726712498,3.1021299495866157
-0.07295017597213288,0.24489961479468772,-0.4693109884945519,0.12057657537461407
-0.9100526687213288,-1.0295234920365977,1.127718526039759,-0.3000443125221179
-0.009616979187628555,-0.6954558036466771,1.0731318229540152,1.3097392472970972
0.9228069422114674,0.7456896432782095,0.3235795021729586,-1.722829544093546
0.04863155824752274,0.12182063922201977,-0.2863747782147268,-1.050769455305777
-0.05425341547703845,-0.057265826832820145,-0.04197352046788685,1.2599764368783117
-0.797656540291537,-1.1399578060436673,2.0179474389866967,-0.29397427156025113
-1.0928047260260376,-0.9465411791751932,0.36271287853253376,-0.4339102799131159
0.07583676271461513,0.48924210386351824,-1.6846624065121938,-1.2664247250507121
0.8586114263132042,0.4141251223571081,-0.3967149789628673,1.5692887986121142
-0.8009577313734144,-1.2576308761583501,0.5102521665735519,1.1676899041733886
-0.9949191132140329,-0.6436120490916221,-0.17098312229948343,1.7191122537130905
-0.9589547548984134,-1.4137142579448865,1.5750005791003636,0.45683832655249
-1.2214080644956653,-1.1361536212574543,0.9226302003094095,0.06523012891940147
-0.47600435333204594,-0.2686236800077472,-0.789999444465373,-0.8829147571494381
-0.23323920639001539,1.1113769391120751,-2.4208078333935585,0.3434498934065307
-0.48457629027029486,-0.1331178855156046,0.2559331955178656,2.0853608162348536
-1.493088145048562,-1.3546534404213535,1.167672653189709,-0.7519210409492041
-2.3660068286003315,-1.9681476017940234,1.5918364754643117,-0.42017071176087656
-1.0911308434520184,-1.144753226202235,0.3534524578070254,0.5286453221799877
-0.06112868327431144,0.15032068114918565,-0.49898908446541,0.6549966007508358
-0.3806142876347788,-0.24904826422586218,0.6268060258245726,-0.17306826255316174
0.5532027209658871,0.7426407295288496,-1.1248802096578063,-0.5857374780531873
-2.547731957565321,-2.1511977292076905,1.0341567167953627,-1.5185556656352253
-0.3289657970201528,-0.2882860024293904,0.6487659732961032,0.016068503032907827
0.4688735423543217,0.07588411001311975,-0.2332235604433274,-0.46166439080871424
-2.1716538484852816,-2.9692696223278703,2.210556809997799,0.06435665763940625
0.5693553252656098,0.6272676144620685,-0.49384575261648067,-0.20496118988652703
1.291404755145605,1.042065293828644,-0.6675109136413007,-0.5136157278842736
1.0376692361368123,1.333202210903565,-1.4941421869038602,1.200708699635286
2.3471094949579876,2.413238114001023,-1.8967463692959035,0.6562611300839986
0.5409841018906174,0.9710630089156603,-0.6433110594146957,-0.057565285400778085
1.193123831869444,1.1095694037640493,-1.0407939385054397,-1.219444865486435
1.2809926318922993,1.1880593870773326,-1.2168775383423933,-0.5896368272701326
0.11757972687284592,-0.2852540339773709,0.8102293663280178,-1.1272721978733877
-0.30179256424697093,-0.7255641394809837,0.8828910741993903,0.6681305205502068
-0.9200369733452562,-1.0775814237400478,1.2038602110705636,-0.3852093739554723
-1.4154626839508613,-1.0334418069230662,0.17465737852567914,-0.06674049789934593
0.12763538767314073,0.061965473029768306,0.15738699895789554,1.412883813626337
-0.34126763408536087,-0.12389988869930986,-0.18621491789482889,1.0007471350060648
-0.11903383115849088,-0.38041676295592686,1.3385215621245927,-1.9919562868633887
0.9427175404431494,1.1408736991615478,-1.2768816895446886,-0.9857404055805596
-1.108392362016289,-0.9544470698824375,0.6786813604600548,-2.0840954973848866
0.4163065126576325,-0.12761138609212114,1.086791456247433,1.8372181726805865
-0.8010830276918056,-0.8189008435153761,0.8013714466445169,-0.7306114524108822
0.8969784289912662,1.1777298383162855,-1.0613013495263557,0.34773588557809404
0.6880824787433898,0.18645118690432355,-0.37256478947754074,1.034949548225113
0.48556695215864476,0.6397198756265368,-1.1505286268240367,-1.0275293148278066
-0.7718421966304565,-0.21791632184635085,-0.0794957960285483,-0.9025897313989322
-0.7813634766416391,-0.8429992177850124,1.2033190171799226,0.05331333977933184
1.6235453857447282,1.6335110469904834,-1.0246906445834607,-1.377553928040847
0.7459478678307995,1.0927082575924054,-1.4339577191489608,-0.06520334439754774
0.8994638324633899,0.9507608539189684,-0.03124907776521352,1.3080535620709453
-0.2144328063065215,-0.1128305583226765,-0.19016991740763073,1.1669328783324318
1.1991050276491102,0.821091574504345,-0.07333207649200355,0.9650737623849751
-0.487157027185128,-0.7072497615859762,1.333642445907446,0.3459824298898427
-1.0844579933456955,-0.9096678546246328,0.2172969209304078,-2.3589442262367073
-0.8065382476004059,-0.6123380291421716,0.08424211504076545,0.04443556170114214
-0.14847328968833698,0.22095272170007196,-0.9477829271825506,0.4498386203535407
-0.47251221454097353,-0.11766291129949348,0.1437244165325895,1.1797329760468334
-0.43321487367583,-0.9978881481080523,0.9326917263415262,-1.5714856394141548
-0.637248199077168,-0.6194668267598834,0.42054564426853436,-0.31893596349939035
0.8213126274245247,1.0888349703242353,-0.899363322247708,0.20040738965567925
1.2381051734336843,0.7902841787655036,-0.5423165434652018,0.4185181425119436
-1.6626773868230222,-1.8751102281834178,1.5949558031033484,0.6531615750525231
0.5430234909739671,0.6613769579449613,0.3561521965325548,-0.6888149675866848
0.0063892903110152836,-0.05671644252680906,-0.4359034018909426,-0.395931146196458
0.48529591341887157,0.5225845852359803,-0.5372783329398727,-1.6759569936798713
0.2020675528771156,0.08626053878215378,-0.36444889839449374,-0.7118474090728318
-0.7293215247978316,-0.537113176028861,0.915699319658785,-0.7142111546003045
1.0331176008609868,0.7184362718640626,-0.9311611204256552,0.8122871414167614
-0.09059951305344939,-0.39722794073267875,-0.011368096840475194,-2.424625244454784
-1.1211972908476069,-1.1082248355322857,0.6910962983390981,1.2448191577303225
-1.1310900489577236,-1.518664442174254,0.8337183739853128,0.6354759870122726
0.7367522602280814,1.2584136697707302,-1.2520189563625468,0.20877551851394457
-1.0133688962303928,-0.9602194547053428,0.5922126285205139,-0.6157919426611054
0.3989495809989642,-0.4082647445606093,0.9349925066962638,0.4046117775809752
-0.5676358477875302,-0.33732656098953534,0.5392425333762816,-0.43418009347873515
0.9138859258934637,0.9754068908353078,-1.0944644115095192,2.162518663812951
-2.284149008375528,-1.9619322456675832,1.229394433148467,0.3127737598727483
-1.2330517702228345,-1.9556166535744037,1.9704886818069243,0.23124795863000766
-0.6761161952692167,-0.9350764363204016,1.5695918778397235,0.19936218182647228
2.366976169461235,2.437994968085914,-1.795889655160568,0.18931847332602983
1.0521350392612314,0.08001149983970392,0.8062716523730517,0.5151818901249173
0.5502251016122462,1.0453981509591521,-2.0158882869997004,-0.036356467816576074
-0.2778956837809012,-0.2069170739743665,-0.5132651848171447,-0.481866984230471
-0.4224920900880272,-0.6966037429686015,0.6163393029535956,1.8847591552997331
-1.0184983185357968,-0.7432291714181772,0.949232800451068,0.5257644989910064
-0.8366311945374436,-1.1562884920171717,1.0710850565545176,0.8882523516542176
0.17515530086722142,0.21050762188910804,-0.18291670354366674,0.6888003316812593
1.0404719093214416,0.2722027990730368,0.3101704048812466,1.5620159027629523
0.05355730944436246,0.4215065078717656,-1.1594762845261788,-0.0004124850948477499
-0.26810674459423417,-0.4402157152868631,0.05770755011772533,-1.0997542066932349
-0.824077867561978,-0.6916649545476984,0.49101381134429595,1.43007317842503
-0.23437752273386472,-0.7984296601676419,0.9561161111564007,-0.6803410754829792
1.3416165575951797,0.9383256930065074,-0.3499996703980601,1.210092169217873
-1.7147895080549482,-1.0098885738407402,0.39465175984189654,0.3359732067493155
0.7232933693390748,1.3141450694009529,-1.0890362710984904,0.36934333020602383
-0.5089124355865656,-0.21586221029467578,1.105944481340284,-1.5185102416261638
1.9146447002539089,1.4970225189434605,-1.4242933675897174,0.3008629156706126
-0.5961506753040378,-0.8258640903579537,1.5736725253067203,0.063981535003335
-1.952210855074748,-1.521883712054969,0.5392336867297308,-2.5671083798668337
-0.8371187166964975,-0.7565077277055057,0.48714856149710417,0.5290054716041285
0.5005909203036115,0.19500871561230723,0.7585511218910832,-0.5739728032400989
-0.23833325366989436,0.096632807854687,0.048827343133517664,2.225791001904275
0.288656927290127,0.5062993544003699,0.11018208217727347,-0.6454715952456025
0.8788289445039519,0.9606840482774579,-0.7367848344119727,-1.379468268024768
-0.27575717935771904,-0.6566206681015175,0.5359705663431116,-0.4615114044661277
0.4563095293922844,-0.250918702765331,0.7490465351778408,1.7773540498020635
0.749106783880577,0.9917929285836387,-1.668019900329108,-0.18599290971323326
0.6858597764046619,0.8828276837414113,-0.8838441145968416,1.6015091085389983
-0.7262232271231043,-1.007704895747032,1.3056191674023803,0.6220983095543468
-0.7074908862375001,-0.44002830881387833,0.9207700961525478,-0.34763560045854436
-0.6720512033597168,-0.855927737705092,0.33510169989298916,-1.4178651683385513
0.06689253685358397,-0.2296749309844081,0.9498000439301685,-0.5181085706102553
1.1435187426661584,1.072180226908992,-0.47545008465755867,-0.39453816579248896
1.203325747780063,1.1541025024655414,-0.7319415978716587,0.5898493436310033
-0.8335342974626873,-0.5987367156230676,-0.3202054217924757,0.20934502505460537
-0.07122799472125171,-0.03554151297718924,-0.01567426454759907,0.23588754617816227
-0.7903612683289867,-0.5166614122539922,1.2822288675211775,0.1583315076747027
-0.3093711006795468,0.36926856481024706,-0.924877945653499,-1.415491790289175
-0.6973698460570987,-0.3493229268921895,-0.09636356114850184,-0.558923323742028
-0.5172879014286199,-0.884114149630923,0.7912903715405384,-0.5889191978154815
0.35889698026331296,0.8038318087547138,-0.3628773963573024,-0.5476076650460789
1.0522560174302205,0.9598410709870352,-0.5371670408481781,1.0408076698607145
-1.5022196082169914,-0.8809323790780187,-0.14701438689451954,0.13328263628058687
-1.3402845099793923,-1.8692924079514506,2.3333790875534417,-0.3367665006609973
-0.9663401770943343,-1.0934159540130193,2.094157290328125,2.057859631581857
-0.9705571106873577,-0.9873808522771093,1.5712411802414936,-0.8252207147017322
-0.17194789837445287,-0.3718683125494366,0.13237237465501922,1.88745511632973
0.9157688314305704,0.9789381544523416,-1.0440150586162449,0.04254198954808936
0.33781656202067184,-0.31028080105456496,0.588301292953668,-0.9913052078958227
-2.535568654952683,-1.9113080019999316,0.20162912793199572,1.2180156473908235
-2.8535139858522207,-3.1598634898093776,2.6455424242525285,-1.7200916743258314
0.40010468243876984,0.11841205473414688,0.03132047102256864,-0.21804946086951416
-0.5192504995116533,-0.10278481270467724,-0.33545888441976407,0.26679455048982537
0.5823320326000091,0.8311095184549159,0.17004254885046,1.7900491325102756
0.23709294507114254,0.03358878801500039,-0.192560398884798,0.4461233435151922
-1.1572466348193613,-0.7818721358418929,-0.44028243988770216,-0.18915124163242045
1.5055044386150949,1.3943418993350973,-0.8643105999383601,-1.756638614353784
-2.7690370432709583,-1.8136779305947863,0.3884907058319217,1.0855792093171366
-0.9135287972752937,-0.8950595783398796,0.515186236501033,0.17625516096607688
0.7555557898895512,1.0489535790372788,-1.7511381554487566,-1.1437748985773601
-1.6674429239999886,-1.6458098016809262,1.7372326167546872,-0.1079489208771531
0.6507516370611661,0.6994559346400799,-1.8838379719979272,-0.03423696772757499
-0.3164481230518842,-0.25179956112568397,0.3652199003289162,-0.031776534098311784
0.7686802684055464,0.7556013771369473,-0.9630407242317005,-0.7743073384235636
-0.09864013971688233,-0.001981461489068755,-1.192409707392317,0.2208652494805055
0.7085815903168153,1.2917600617792895,-1.6690598656490507,0.7437616290459728
0.6102504080538333,0.780012817984888,-1.2078570616539066,-0.06882769431117364
-0.21680059286530143,-0.1841967858675981,0.23733561591950608,1.4360567838979448
-0.8987681993318949,-1.2077267176814606,1.327936849085164,2.2450970178964997
-0.27978090512927095,-0.05564048857076191,-0.44065431385440895,1.3129445407970284
0.3410265086394471,1.104883245580416,-1.0669876322850018,0.09988606154345783
0.29637246386768346,0.7977152891214603,-0.4818247579734952,0.48583838103997484
1.7555056375131735,0.9983641857818762,-0.1578064131460279,-2.2844009297543586
-0.7256851025651798,-0.5050083453658003,-0.09725390156330055,0.16662611668405763
1.2121227128742493,0.6002089519427669,0.6274043631278144,-0.7074767111636685
0.1778475723425744,0.22754224922833857,-0.5642787522635163,-0.41054952559490465
-0.6826090490818009,-1.0650235801218177,1.4062864058681555,0.09324628260538262
-0.6932979295459266,-0.5429976327709818,-0.12295822056022877,0.3212096278466463
-0.1572763329619229,0.14288671358655441,0.3051283236080868,-0.9645502932403297
-0.4005457877673359,-0.7288564604830288,0.13115352154296916,0.010313341202996297
0.1837485760296144,-0.499447668175707,0.6339999716604924,-2.2679206075920266
-0.24205916428958948,-0.5853971343417796,1.3187144980799528,0.4097823032228642
-0.26868137237603484,0.05477236015024694,-0.03415636113455273,-2.271651768597402
-0.5692066985255124,0.07937862730871642,-0.6117395054346776,-0.8431176487401079
-0.6355216018867051,-0.6833172705270584,0.23215701146204296,-1.5286851238034231
-0.09600043612388608,0.17935462210394518,-1.0441085712684137,-1.5257908731388106
0.47568385713575034,0.12547882583432748,-0.11312480903482867,-0.3659909863641882
0.3731480768238132,0.8587080998289542,-0.5785517516278498,0.10085898468002295
0.22204209613182868,0.4606385134048488,0.05652355475732944,-0.73389492386251
0.12034360042690745,-0.0710529370813245,0.7579290105324603,-0.4491530771530625
-1.020409501862087,-0.6156262695699597,-0.16491377246022562,0.5651166856191476
1.225283340208419,0.9927970350491298,0.39869627272218655,-0.01947660984885877
0.44103574003915424,0.65822222544514,-0.15704757129706018,-1.172255357213682
0.15594208655834255,0.42552415196623794,-0.37760030303966424,1.1100733128400677
0.5059955441402975,0.4939197365309992,-0.011988304625542043,-0.17006222354387582
-0.047116454542163726,-0.4293861314582862,0.6361079481883956,0.7387892503634002
0.1545430386606862,-0.06116230720007118,0.21012954384690286,-1.0870122894510201
1.3803676135690899,1.6760851604401374,-1.5966419143818518,0.6819690993433338
-1.0247339013529464,-0.7713474230091258,0.3500084119434744,1.7018009231471185
-0.2386471319534058,-0.13278364170731985,0.1941152015002132,-1.1011015111618212
-1.3397333425288531,-1.4908356081232002,0.4198520294233787,-0.8085928423602389
0.3333982575897643,-0.2860795186487676,0.8410276938741142,1.6410188762084652
0.8723193347887532,0.36059027520522746,-0.6845630888293235,-0.9637269789611885
0.6719014973605284,0.7114976842514317,-0.14095169962455179,-0.8208067993620869
-0.7403231314084606,-0.5782668741770812,0.4756765796724271,0.5544088962798561
0.3215195175355853,0.22505987279885303,0.7165195184835021,-1.3683159165642833
-0.4132059348593709,-0.39396787199082445,0.04333419399563432,-0.4250729286491851
2.6828960930760233,2.2638121707193064,-1.09840276326683,-0.21560896521028944
1.1144780625286077,0.5920217375404128,0.03034642661738788,0.1546574139661977
0.052077989602826585,0.22700853426861234,0.1507680059902627,-1.0047648802794684
-1.3789358922596007,-0.4395356351502343,-0.1711447553274782,-0.26351112505497415
0.9355182537681801,0.7584964110911029,-0.6234859274013065,0.15652814579865013
0.5505428284877436,0.6419894958296807,-0.3326905130578121,-0.42942187384933156
-0.4770320938250974,0.336491057783493,0.021643501356965068,-0.9686060179590379
0.2036354858122535,0.40399854952582703,-0.17518434219970835,1.1330667269353005
-0.497710181116095,-1.1268891634156226,1.2179078735603215,-0.9737277040438329
-1.2493629573831038,-0.7824642871470957,0.80209259949914,-1.2188664977586217
0.4421774591840615,0.5025038110172885,-1.113297753974084,0.13450130251804013
0.5903564223475024,0.7864706133753624,-0.5779024094115569,0.3747958674388452
0.7099612470503301,0.151613170321257,-0.09918005172379098,0.1687768988573797
-0.8728783360365419,0.4966265008584906,-1.0320253178419927,2.073634159784021
0.1127255693952956,0.2440531573389658,-0.7553531688583609,-1.8677854389804767
1.9185034172100504,1.2973139379436995,-1.0586383213363564,0.7997672084122543
-2.4227731628796545,-2.5903990811080297,1.409484412546812,-0.20745187504086904
2.0377923967243587,1.741378013014,-1.0783561477952273,0.18674814477890997
1.3479378450265063,1.055083664748432,-1.0372909795654017,-0.26740998585123116
0.7627380750505457,1.301630269882473,-1.4420611431055372,-0.44430306032276273
0.3269246070019821,0.18907543142723993,-0.2635400307454051,0.9873421338194335
-0.07351145630581371,-0.22078279156034586,0.20635761039488829,0.6802105918793953
-0.31484780252362954,-0.20654211957929972,0.4654416841031531,1.816596895980992
-0.0006928690967132222,0.018800259265506932,-0.05084464475746291,-1.9172466154990866
-0.35058319482610606,-0.9056714214793925,1.0428792269132674,0.17873216452265228
3.075831896422309,2.5261241141347637,-1.6951084561834973,-1.5282638233507388
-0.45627013763487967,0.03790314175038925,-0.18930303876306526,1.538843373589385
0.05459659378928967,-0.1355379352649376,-0.23298876336112623,-1.0459743317345298
-1.1889226109713498,-1.0492471749921803,1.108694613758092,0.4941943271066359
0.7759570783243981,0.08861697387468866,1.2102706519924757,-1.1030072610247517
-0.406816875826745,-0.8241199486749252,1.053340285474073,0.32510202542579336
-0.6372174425779655,-0.2169225219287291,-0.6630358594845338,0.8603345898314416
-0.1231071374873354,0.11193322562128871,-0.18598589508469018,1.3016227902658948
-0.18427779466273403,-0.10829339038523789,0.18070752484753164,-0.6045515770432335
-0.02764936946416203,0.35180958584843286,-0.9010354096987719,0.3227808515750364
-0.31720254136861875,-0.1406086904921997,0.24935016114082648,0.5477179638403842
-1.370398443112841,-1.6088186768856456,1.1121684735059696,1.5943291928366268
-0.2847522612977784,-0.7039124620769502,1.0599360385897234,1.875647267759868
-0.5125250770450899,0.0074159592155723765,-0.9589776833495985,-0.023010334328503624
1.4458616018326973,0.85541804212618,-0.6218909494213589,0.9041585123745284
-0.24412117747564682,-0.10243877665288628,0.012253569494142113,1.2088874255420161
1.1198991990465408,1.5557091454089547,-2.058723286189923,0.0930338542053491
1.8327459349206359,1.1519598480765405,-0.45627676702535025,-0.689040246193939
0.07472310645906624,0.6243351843909278,-0.771992555087847,4.683432260047334
0.6860282080695562,0.7857671917281808,-0.7610473206552089,-2.2094775686117947
0.06959684856507402,0.4025955693091332,-0.5610401166054223,-1.1776921031900742
1.1595160657275958,1.8542706705234444,-1.5166820648658794,0.2198978852377429
-0.2523745181795025,0.00022254825639150428,0.4547070808267079,1.3723211510755293
0.9896563505580583,1.2400788368793672,-0.32570313020626973,-0.3676167762631229
-0.47714322805479287,-0.9296361148276315,0.504304370770405,-1.14606385610777
2.4270683484198705,2.1304132123838353,-1.5514099708413063,-0.11056341507728075
0.5103109267259727,0.5356791332934652,-0.86486608453668,2.6867588954366624
-1.193971386005882,-0.3761815395239071,-0.14848736146647892,0.5627380950672921
-1.0042197257024548,-1.1035445467860507,1.0678741982209066,-0.05902638725506797
-1.2419396209205513,-1.2832342410809918,1.455257619693384,1.2153905626509336
0.9374417901003614,0.8790895561898533,-0.19263923845580022,-1.375585709780072
-0.28843166900570055,0.2579020323960179,0.20771323061221783,2.264937744352289
0.13891835493465643,0.08374971918688057,-0.04261637099047723,-1.8368810295746087
-0.8733132484254079,-0.8405159026374284,0.3804761167315233,1.2345428072514502
-1.0213203291056598,-1.6131867377655458,2.4690052673690714,-1.1047767335985013
-1.7953663760381757,-1.427000972629498,0.6440838001026875,-0.06225408843236388
-0.07432450793040331,-0.6394684013650102,1.2589470063216153,0.08885063290056658
-1.3635182203392362,-0.41371560557469855,0.4794099444750842,0.18236518572963492
1.0311482241555525,0.38038803148275513,0.34624055024728173,0.5158710752297938
1.0311671821119324,0.7703792176552635,-0.35273024772744244,1.7847281357305584
-0.9701982615609872,-0.3186338851991758,0.4178978577147082,1.436111584793383
0.437919446945588,0.3435854210834368,-0.04076089081078217,1.6062688911572915
0.7869481748961248,0.3653292700149241,-0.430377739384717,0.4863508225017259
-1.436326943029662,-1.7835284934154705,1.8900728294306786,0.3478602892991765
0.18415070225427016,0.04082936222201802,0.5871086897494011,0.2047983752462167
1.397772001323921,1.4427205918796056,-1.0096849407744075,0.6494869145134216
0.5920827910421211,0.31241877620319064,0.05338519766781057,-0.46315806157846684
0.6831408079729226,0.9820452970320819,-0.340832840650532,2.7491359970549816
-0.2699612637307107,-0.7662718126199312,0.78672662943683,0.023983173533093857
-0.7412586229145928,-0.7000763736476825,1.0007744810762365,0.007102017666970986
-0.4706302724585433,-0.22381088134773267,-0.6960893722642535,0.38975856217672494
-0.7195928034987317,-0.8981489762908048,0.950786915434818,-0.8323903690099845
2.512213207517334,2.53318608320687,-2.2525006434871244,0.08921600319734722
0.14222083449272935,-0.0016053661563957917,0.31024683634935757,-0.8860265371578233
-0.2921317530098419,-0.605799249753672,1.3659065697566508,0.3410386136633492
1.4569264071569135,1.794858125818307,-1.573819491165328,0.05821691780626424
-1.0517023849503904,-0.9430629610680595,1.1007110221486645,-0.22388653407365766
-0.27309212952788586,-0.013327923005564433,-0.07278540234551803,-1.8341385198420372
-0.5462782026273091,-0.7049414718272426,0.4456858313388683,0.14176528403686334
0.5921778947905239,0.942405482491093,-0.42385925795917523,-0.6372080898422747
-0.5707118081952047,-0.6340252751845417,0.5647943555231919,-0.010446108944995609
-0.46893463386187356,-0.6970991211558357,0.44565787420776154,-1.5186882839443254
0.9082701225951633,1.3439604951494977,-1.3985995991211329,-0.27310355735344805
1.2308860562995536,0.8531470310989321,-0.22604273502533512,0.09970059894212335
-2.016281422236701,-1.6852779045632185,1.2799899973787054,0.914261876310353
-0.14548461977209015,-0.2846784807502915,0.9272857051309337,-0.4848201020040199
0.5142461715809107,0.09624820723120563,1.1094762019684632,-0.7257360727063118
-0.830590141017221,-1.2869647578703463,0.5411516167561633,-0.4614066790797487
1.015158545285594,1.7090575784447786,-2.09742999439634,-1.4990433954554063
-0.8909245099678489,-1.5002639864334006,2.3229594726128466,2.3771411418657893
-0.48924851850520373,-0.10851851680979488,0.13743912463160962,1.8723120770432424
-0.9457098262974523,-1.3036690399134567,1.3149729817122209,-1.3517091059927144
0.7973571708482122,0.7214741399388568,-0.7016855295053814,0.1446472478197739
0.039781553264182264,0.5183218516860909,-0.6368258518999793,1.3340948998772657
0.9976228956799251,1.0661375087537486,-0.47633074589820845,0.7283287819635931
0.968367592028704,1.11305761053016,-0.7383281823341924,-1.300802535733505
-0.6587651198135316,-0.6432142939583593,1.4817385261635245,-0.9884087179137848
0.30277922938547264,0.5248450332350155,-1.0735393300793068,1.784171605956638
1.9742180487492562,2.523656937868677,-2.7511809447496964,-0.9502095398254463
-0.24290601375399906,-0.39216317187735605,1.167999193330131,-1.6047548748622817
-0.42754757553220263,-0.2898680849118433,0.21381492449277417,0.162412638128486
-1.4469416502078696,-1.3220493449330453,0.3786321541930704,0.4638412599310932
1.3056580818142416,0.5760718517610092,0.7340206868312218,-0.788337110791871
1.890040645530166,1.1631281754820262,0.2145743133071483,-0.5209467474309017
1.025905952950707,1.1886042244966333,-1.1493563201592523,1.1204654854036848
0.37660440963301123,-0.5005086041663165,0.4074356389373763,-0.01176721009010606
-0.39948732251484587,-0.5508662515797349,-0.041526039180163454,0.44396567784347746
1.4916360063232987,1.8442830116610422,-1.370319141291901,-0.4333359704895786
0.7063993841663148,0.25397977955644785,-0.20644299769868837,0.030332801786675082
-0.854020876059344,-0.6725564986782511,-0.0403866009462911,-0.5122642938768573
2.1861733630586766,1.6676463114934919,-1.3322876363675709,1.0136659239003447
-0.5603511636306666,0.024213179990462765,-1.9689769934887702,0.36990137426710573
0.6503568823101127,0.7568450480137872,-0.32110975984335516,0.13066232514800075
0.9192166279821842,0.28078329299066246,1.2043180472456299,0.5247140565082745
-0.32041292956585454,-0.31537561815948123,0.5124049356201877,-0.36879688287566037
0.42959017824410556,0.6280082807489012,-0.537826670478878,-2.0052176029769107
0.30916039072599827,-0.39733299814606327,0.4718922402685302,1.0851412051561216
-0.7787960694731407,-0.5937320896171272,0.750190125445533,1.3415249552067454
